Copyright 1986-2022 Xilinx, Inc. All Rights Reserved. Copyright 2022-2025 Advanced Micro Devices, Inc. All Rights Reserved.
------------------------------------------------------------------------------------------------------------------------------------------------------------------------------------------------------------------------------------------
| Tool Version : Vivado v.2025.2 (lin64) Build 6299465 Fri Nov 14 12:34:56 MST 2025
| Date         : Sat Jun 20 23:46:05 2026
| Host         : g7-station running 64-bit CachyOS
| Command      : report_timing_summary -max_paths 10 -routable_nets -report_unconstrained -file top_basys3_timing_summary_routed.rpt -pb top_basys3_timing_summary_routed.pb -rpx top_basys3_timing_summary_routed.rpx -warn_on_violation
| Design       : top_basys3
| Device       : 7a35t-cpg236
| Speed File   : -1  PRODUCTION 1.23 2018-06-13
| Design State : Routed
------------------------------------------------------------------------------------------------------------------------------------------------------------------------------------------------------------------------------------------

Timing Summary Report

------------------------------------------------------------------------------------------------
| Timer Settings
| --------------
------------------------------------------------------------------------------------------------

  Enable Multi Corner Analysis               :  Yes
  Enable Pessimism Removal                   :  Yes
  Pessimism Removal Resolution               :  Nearest Common Node
  Enable Input Delay Default Clock           :  No
  Enable Preset / Clear Arcs                 :  No
  Disable Flight Delays                      :  No
  Ignore I/O Paths                           :  No
  Timing Early Launch at Borrowing Latches   :  No
  Borrow Time for Max Delay Exceptions       :  Yes
  Merge Timing Exceptions                    :  Yes
  Inter-SLR Compensation                     :  Conservative

  Corner  Analyze    Analyze    
  Name    Max Paths  Min Paths  
  ------  ---------  ---------  
  Slow    Yes        Yes        
  Fast    Yes        Yes        


------------------------------------------------------------------------------------------------
| Report Methodology
| ------------------
------------------------------------------------------------------------------------------------

Rule       Severity  Description                    Violations  
---------  --------  -----------------------------  ----------  
LUTAR-1    Warning   LUT drives async reset alert   1           
TIMING-18  Warning   Missing input or output delay  34          

Note: This report is based on the most recent report_methodology run and may not be up-to-date. Run report_methodology on the current design for the latest report.



check_timing report

Table of Contents
-----------------
1. checking no_clock (0)
2. checking constant_clock (0)
3. checking pulse_width_clock (0)
4. checking unconstrained_internal_endpoints (0)
5. checking no_input_delay (5)
6. checking no_output_delay (14)
7. checking multiple_clock (0)
8. checking generated_clocks (0)
9. checking loops (0)
10. checking partial_input_delay (0)
11. checking partial_output_delay (0)
12. checking latch_loops (0)

1. checking no_clock (0)
------------------------
 There are 0 register/latch pins with no clock.


2. checking constant_clock (0)
------------------------------
 There are 0 register/latch pins with constant_clock.


3. checking pulse_width_clock (0)
---------------------------------
 There are 0 register/latch pins which need pulse_width check


4. checking unconstrained_internal_endpoints (0)
------------------------------------------------
 There are 0 pins that are not constrained for maximum delay.

 There are 0 pins that are not constrained for maximum delay due to constant clock.


5. checking no_input_delay (5)
------------------------------
 There are 5 input ports with no input delay specified. (HIGH)

 There are 0 input ports with no input delay but user has a false path constraint.


6. checking no_output_delay (14)
--------------------------------
 There are 14 ports with no output delay specified. (HIGH)

 There are 0 ports with no output delay but user has a false path constraint

 There are 0 ports with no output delay but with a timing clock defined on it or propagating through it


7. checking multiple_clock (0)
------------------------------
 There are 0 register/latch pins with multiple clocks.


8. checking generated_clocks (0)
--------------------------------
 There are 0 generated clocks that are not connected to a clock source.


9. checking loops (0)
---------------------
 There are 0 combinational loops in the design.


10. checking partial_input_delay (0)
------------------------------------
 There are 0 input ports with partial input delay specified.


11. checking partial_output_delay (0)
-------------------------------------
 There are 0 ports with partial output delay specified.


12. checking latch_loops (0)
----------------------------
 There are 0 combinational latch loops in the design through latch input



------------------------------------------------------------------------------------------------
| Design Timing Summary
| ---------------------
------------------------------------------------------------------------------------------------

    WNS(ns)      TNS(ns)  TNS Failing Endpoints  TNS Total Endpoints      WHS(ns)      THS(ns)  THS Failing Endpoints  THS Total Endpoints     WPWS(ns)     TPWS(ns)  TPWS Failing Endpoints  TPWS Total Endpoints  
    -------      -------  ---------------------  -------------------      -------      -------  ---------------------  -------------------     --------     --------  ----------------------  --------------------  
     -0.690      -15.193                     39                  938        0.033        0.000                      0                  938        4.500        0.000                       0                   669  


Timing constraints are not met.


------------------------------------------------------------------------------------------------
| Clock Summary
| -------------
------------------------------------------------------------------------------------------------

Clock        Waveform(ns)       Period(ns)      Frequency(MHz)
-----        ------------       ----------      --------------
sys_clk_pin  {0.000 5.000}      10.000          100.000         


------------------------------------------------------------------------------------------------
| Intra Clock Table
| -----------------
------------------------------------------------------------------------------------------------

Clock             WNS(ns)      TNS(ns)  TNS Failing Endpoints  TNS Total Endpoints      WHS(ns)      THS(ns)  THS Failing Endpoints  THS Total Endpoints     WPWS(ns)     TPWS(ns)  TPWS Failing Endpoints  TPWS Total Endpoints  
-----             -------      -------  ---------------------  -------------------      -------      -------  ---------------------  -------------------     --------     --------  ----------------------  --------------------  
sys_clk_pin        -0.690      -15.193                     39                  911        0.033        0.000                      0                  911        4.500        0.000                       0                   669  


------------------------------------------------------------------------------------------------
| Inter Clock Table
| -----------------
------------------------------------------------------------------------------------------------

From Clock    To Clock          WNS(ns)      TNS(ns)  TNS Failing Endpoints  TNS Total Endpoints      WHS(ns)      THS(ns)  THS Failing Endpoints  THS Total Endpoints  
----------    --------          -------      -------  ---------------------  -------------------      -------      -------  ---------------------  -------------------  


------------------------------------------------------------------------------------------------
| Other Path Groups Table
| -----------------------
------------------------------------------------------------------------------------------------

Path Group         From Clock         To Clock               WNS(ns)      TNS(ns)  TNS Failing Endpoints  TNS Total Endpoints      WHS(ns)      THS(ns)  THS Failing Endpoints  THS Total Endpoints  
----------         ----------         --------               -------      -------  ---------------------  -------------------      -------      -------  ---------------------  -------------------  
**async_default**  sys_clk_pin        sys_clk_pin              5.010        0.000                      0                   27        1.008        0.000                      0                   27  


------------------------------------------------------------------------------------------------
| User Ignored Path Table
| -----------------------
------------------------------------------------------------------------------------------------

Path Group    From Clock    To Clock    
----------    ----------    --------    


------------------------------------------------------------------------------------------------
| Unconstrained Path Table
| ------------------------
------------------------------------------------------------------------------------------------

Path Group    From Clock    To Clock    
----------    ----------    --------    
(none)        sys_clk_pin                 
(none)                      sys_clk_pin   


------------------------------------------------------------------------------------------------
| Timing Details
| --------------
------------------------------------------------------------------------------------------------


---------------------------------------------------------------------------------------------------
From Clock:  sys_clk_pin
  To Clock:  sys_clk_pin

Setup :           39  Failing Endpoints,  Worst Slack       -0.690ns,  Total Violation      -15.193ns
Hold  :            0  Failing Endpoints,  Worst Slack        0.033ns,  Total Violation        0.000ns
PW    :            0  Failing Endpoints,  Worst Slack        4.500ns,  Total Violation        0.000ns
---------------------------------------------------------------------------------------------------


Max Delay Paths
--------------------------------------------------------------------------------------
Slack (VIOLATED) :        -0.690ns  (required time - arrival time)
  Source:                 sys_state_d1_reg[2]/C
                            (rising edge-triggered cell FDCE clocked by sys_clk_pin  {rise@0.000ns fall@5.000ns period=10.000ns})
  Destination:            u_buzz/freq_cnt_reg[2]/D
                            (rising edge-triggered cell FDCE clocked by sys_clk_pin  {rise@0.000ns fall@5.000ns period=10.000ns})
  Path Group:             sys_clk_pin
  Path Type:              Setup (Max at Slow Process Corner)
  Requirement:            10.000ns  (sys_clk_pin rise@10.000ns - sys_clk_pin rise@0.000ns)
  Data Path Delay:        10.694ns  (logic 3.782ns (35.365%)  route 6.912ns (64.635%))
  Logic Levels:           19  (CARRY4=6 LUT2=1 LUT4=2 LUT5=2 LUT6=8)
  Clock Path Skew:        -0.041ns (DCD - SCD + CPR)
    Destination Clock Delay (DCD):    4.772ns = ( 14.772 - 10.000 ) 
    Source Clock Delay      (SCD):    5.071ns
    Clock Pessimism Removal (CPR):    0.258ns
  Clock Uncertainty:      0.035ns  ((TSJ^2 + TIJ^2)^1/2 + DJ) / 2 + PE
    Total System Jitter     (TSJ):    0.071ns
    Total Input Jitter      (TIJ):    0.000ns
    Discrete Jitter          (DJ):    0.000ns
    Phase Error              (PE):    0.000ns

    Location             Delay type                Incr(ns)  Path(ns)    Netlist Resource(s)
  -------------------------------------------------------------------    -------------------
                         (clock sys_clk_pin rise edge)
                                                      0.000     0.000 r  
    W5                                                0.000     0.000 r  clk (IN)
                         net (fo=0)                   0.000     0.000    clk
    W5                   IBUF (Prop_ibuf_I_O)         1.458     1.458 r  clk_IBUF_inst/O
                         net (fo=1, routed)           1.967     3.425    clk_IBUF
    BUFGCTRL_X0Y0        BUFG (Prop_bufg_I_O)         0.096     3.521 r  clk_IBUF_BUFG_inst/O
                         net (fo=668, routed)         1.550     5.071    clk_IBUF_BUFG
    SLICE_X42Y62         FDCE                                         r  sys_state_d1_reg[2]/C
  -------------------------------------------------------------------    -------------------
    SLICE_X42Y62         FDCE (Prop_fdce_C_Q)         0.518     5.589 f  sys_state_d1_reg[2]/Q
                         net (fo=2, routed)           1.011     6.600    u_buzz/note_idx_reg[0]_0[2]
    SLICE_X42Y63         LUT6 (Prop_lut6_I3_O)        0.124     6.724 r  u_buzz/note_idx[3]_i_3/O
                         net (fo=77, routed)          0.691     7.415    u_buzz/note_idx[3]_i_3_n_0
    SLICE_X44Y64         LUT6 (Prop_lut6_I1_O)        0.124     7.539 r  u_buzz/note_idx[3]_i_34/O
                         net (fo=3, routed)           0.306     7.845    u_buzz/note_idx[3]_i_34_n_0
    SLICE_X46Y64         LUT5 (Prop_lut5_I0_O)        0.124     7.969 r  u_buzz/note_idx[3]_i_37/O
                         net (fo=1, routed)           0.162     8.131    u_buzz/note_idx[3]_i_37_n_0
    SLICE_X46Y64         LUT6 (Prop_lut6_I0_O)        0.124     8.255 r  u_buzz/note_idx[3]_i_32/O
                         net (fo=3, routed)           0.391     8.646    u_buzz/note_idx[3]_i_32_n_0
    SLICE_X49Y64         LUT6 (Prop_lut6_I0_O)        0.124     8.770 r  u_buzz/note_idx[3]_i_23/O
                         net (fo=1, routed)           0.292     9.062    u_buzz/note_idx[3]_i_23_n_0
    SLICE_X49Y65         LUT6 (Prop_lut6_I5_O)        0.124     9.186 r  u_buzz/note_idx[3]_i_16/O
                         net (fo=13, routed)          0.565     9.751    u_buzz/note_idx[3]_i_16_n_0
    SLICE_X48Y64         LUT6 (Prop_lut6_I0_O)        0.124     9.875 r  u_buzz/note_idx[3]_i_21/O
                         net (fo=1, routed)           0.000     9.875    u_buzz/note_idx[3]_i_21_n_0
    SLICE_X48Y64         CARRY4 (Prop_carry4_S[1]_CO[3])
                                                      0.550    10.425 r  u_buzz/note_idx_reg[3]_i_11/CO[3]
                         net (fo=1, routed)           0.000    10.425    u_buzz/note_idx_reg[3]_i_11_n_0
    SLICE_X48Y65         CARRY4 (Prop_carry4_CI_CO[3])
                                                      0.114    10.539 r  u_buzz/note_idx_reg[3]_i_6/CO[3]
                         net (fo=1, routed)           0.000    10.539    u_buzz/note_idx_reg[3]_i_6_n_0
    SLICE_X48Y66         CARRY4 (Prop_carry4_CI_CO[3])
                                                      0.114    10.653 r  u_buzz/note_idx_reg[3]_i_5/CO[3]
                         net (fo=7, routed)           0.687    11.340    u_buzz/note_idx_reg[3]_i_5_n_0
    SLICE_X51Y66         LUT2 (Prop_lut2_I0_O)        0.124    11.464 f  u_buzz/buzz_i_2/O
                         net (fo=26, routed)          0.464    11.928    u_buzz/buzz_i_2_n_0
    SLICE_X50Y66         LUT5 (Prop_lut5_I0_O)        0.124    12.052 f  u_buzz/cur_div[17]_i_4/O
                         net (fo=14, routed)          0.247    12.299    u_buzz/cur_div[17]_i_4_n_0
    SLICE_X50Y66         LUT6 (Prop_lut6_I0_O)        0.124    12.423 f  u_buzz/cur_div[4]_i_2/O
                         net (fo=2, routed)           0.351    12.774    u_buzz/cur_div[4]_i_2_n_0
    SLICE_X51Y66         LUT6 (Prop_lut6_I5_O)        0.124    12.898 r  u_buzz/freq_cnt[18]_i_22/O
                         net (fo=3, routed)           0.834    13.732    u_buzz/freq_cnt[18]_i_22_n_0
    SLICE_X47Y66         LUT4 (Prop_lut4_I2_O)        0.124    13.856 r  u_buzz/freq_cnt[18]_i_42/O
                         net (fo=1, routed)           0.000    13.856    u_buzz/freq_cnt[18]_i_42_n_0
    SLICE_X47Y66         CARRY4 (Prop_carry4_S[2]_CO[3])
                                                      0.398    14.254 r  u_buzz/freq_cnt_reg[18]_i_23/CO[3]
                         net (fo=1, routed)           0.000    14.254    u_buzz/freq_cnt_reg[18]_i_23_n_0
    SLICE_X47Y67         CARRY4 (Prop_carry4_CI_CO[3])
                                                      0.114    14.368 r  u_buzz/freq_cnt_reg[18]_i_11/CO[3]
                         net (fo=1, routed)           0.000    14.368    u_buzz/freq_cnt_reg[18]_i_11_n_0
    SLICE_X47Y68         CARRY4 (Prop_carry4_CI_CO[1])
                                                      0.157    14.525 f  u_buzz/freq_cnt_reg[18]_i_5/CO[1]
                         net (fo=20, routed)          0.912    15.436    u_buzz/freq_cnt1
    SLICE_X52Y70         LUT4 (Prop_lut4_I3_O)        0.329    15.765 r  u_buzz/freq_cnt[2]_i_1/O
                         net (fo=1, routed)           0.000    15.765    u_buzz/freq_cnt[2]_i_1_n_0
    SLICE_X52Y70         FDCE                                         r  u_buzz/freq_cnt_reg[2]/D
  -------------------------------------------------------------------    -------------------

                         (clock sys_clk_pin rise edge)
                                                     10.000    10.000 r  
    W5                                                0.000    10.000 r  clk (IN)
                         net (fo=0)                   0.000    10.000    clk
    W5                   IBUF (Prop_ibuf_I_O)         1.388    11.388 r  clk_IBUF_inst/O
                         net (fo=1, routed)           1.862    13.250    clk_IBUF
    BUFGCTRL_X0Y0        BUFG (Prop_bufg_I_O)         0.091    13.341 r  clk_IBUF_BUFG_inst/O
                         net (fo=668, routed)         1.431    14.772    u_buzz/clk
    SLICE_X52Y70         FDCE                                         r  u_buzz/freq_cnt_reg[2]/C
                         clock pessimism              0.258    15.030    
                         clock uncertainty           -0.035    14.995    
    SLICE_X52Y70         FDCE (Setup_fdce_C_D)        0.081    15.076    u_buzz/freq_cnt_reg[2]
  -------------------------------------------------------------------
                         required time                         15.076    
                         arrival time                         -15.765    
  -------------------------------------------------------------------
                         slack                                 -0.690    

Slack (VIOLATED) :        -0.610ns  (required time - arrival time)
  Source:                 sys_state_d1_reg[2]/C
                            (rising edge-triggered cell FDCE clocked by sys_clk_pin  {rise@0.000ns fall@5.000ns period=10.000ns})
  Destination:            u_buzz/freq_cnt_reg[16]/D
                            (rising edge-triggered cell FDCE clocked by sys_clk_pin  {rise@0.000ns fall@5.000ns period=10.000ns})
  Path Group:             sys_clk_pin
  Path Type:              Setup (Max at Slow Process Corner)
  Requirement:            10.000ns  (sys_clk_pin rise@10.000ns - sys_clk_pin rise@0.000ns)
  Data Path Delay:        10.564ns  (logic 3.782ns (35.800%)  route 6.782ns (64.200%))
  Logic Levels:           19  (CARRY4=6 LUT2=1 LUT4=2 LUT5=2 LUT6=8)
  Clock Path Skew:        -0.042ns (DCD - SCD + CPR)
    Destination Clock Delay (DCD):    4.771ns = ( 14.771 - 10.000 ) 
    Source Clock Delay      (SCD):    5.071ns
    Clock Pessimism Removal (CPR):    0.258ns
  Clock Uncertainty:      0.035ns  ((TSJ^2 + TIJ^2)^1/2 + DJ) / 2 + PE
    Total System Jitter     (TSJ):    0.071ns
    Total Input Jitter      (TIJ):    0.000ns
    Discrete Jitter          (DJ):    0.000ns
    Phase Error              (PE):    0.000ns

    Location             Delay type                Incr(ns)  Path(ns)    Netlist Resource(s)
  -------------------------------------------------------------------    -------------------
                         (clock sys_clk_pin rise edge)
                                                      0.000     0.000 r  
    W5                                                0.000     0.000 r  clk (IN)
                         net (fo=0)                   0.000     0.000    clk
    W5                   IBUF (Prop_ibuf_I_O)         1.458     1.458 r  clk_IBUF_inst/O
                         net (fo=1, routed)           1.967     3.425    clk_IBUF
    BUFGCTRL_X0Y0        BUFG (Prop_bufg_I_O)         0.096     3.521 r  clk_IBUF_BUFG_inst/O
                         net (fo=668, routed)         1.550     5.071    clk_IBUF_BUFG
    SLICE_X42Y62         FDCE                                         r  sys_state_d1_reg[2]/C
  -------------------------------------------------------------------    -------------------
    SLICE_X42Y62         FDCE (Prop_fdce_C_Q)         0.518     5.589 f  sys_state_d1_reg[2]/Q
                         net (fo=2, routed)           1.011     6.600    u_buzz/note_idx_reg[0]_0[2]
    SLICE_X42Y63         LUT6 (Prop_lut6_I3_O)        0.124     6.724 r  u_buzz/note_idx[3]_i_3/O
                         net (fo=77, routed)          0.691     7.415    u_buzz/note_idx[3]_i_3_n_0
    SLICE_X44Y64         LUT6 (Prop_lut6_I1_O)        0.124     7.539 r  u_buzz/note_idx[3]_i_34/O
                         net (fo=3, routed)           0.306     7.845    u_buzz/note_idx[3]_i_34_n_0
    SLICE_X46Y64         LUT5 (Prop_lut5_I0_O)        0.124     7.969 r  u_buzz/note_idx[3]_i_37/O
                         net (fo=1, routed)           0.162     8.131    u_buzz/note_idx[3]_i_37_n_0
    SLICE_X46Y64         LUT6 (Prop_lut6_I0_O)        0.124     8.255 r  u_buzz/note_idx[3]_i_32/O
                         net (fo=3, routed)           0.391     8.646    u_buzz/note_idx[3]_i_32_n_0
    SLICE_X49Y64         LUT6 (Prop_lut6_I0_O)        0.124     8.770 r  u_buzz/note_idx[3]_i_23/O
                         net (fo=1, routed)           0.292     9.062    u_buzz/note_idx[3]_i_23_n_0
    SLICE_X49Y65         LUT6 (Prop_lut6_I5_O)        0.124     9.186 r  u_buzz/note_idx[3]_i_16/O
                         net (fo=13, routed)          0.565     9.751    u_buzz/note_idx[3]_i_16_n_0
    SLICE_X48Y64         LUT6 (Prop_lut6_I0_O)        0.124     9.875 r  u_buzz/note_idx[3]_i_21/O
                         net (fo=1, routed)           0.000     9.875    u_buzz/note_idx[3]_i_21_n_0
    SLICE_X48Y64         CARRY4 (Prop_carry4_S[1]_CO[3])
                                                      0.550    10.425 r  u_buzz/note_idx_reg[3]_i_11/CO[3]
                         net (fo=1, routed)           0.000    10.425    u_buzz/note_idx_reg[3]_i_11_n_0
    SLICE_X48Y65         CARRY4 (Prop_carry4_CI_CO[3])
                                                      0.114    10.539 r  u_buzz/note_idx_reg[3]_i_6/CO[3]
                         net (fo=1, routed)           0.000    10.539    u_buzz/note_idx_reg[3]_i_6_n_0
    SLICE_X48Y66         CARRY4 (Prop_carry4_CI_CO[3])
                                                      0.114    10.653 r  u_buzz/note_idx_reg[3]_i_5/CO[3]
                         net (fo=7, routed)           0.687    11.340    u_buzz/note_idx_reg[3]_i_5_n_0
    SLICE_X51Y66         LUT2 (Prop_lut2_I0_O)        0.124    11.464 f  u_buzz/buzz_i_2/O
                         net (fo=26, routed)          0.464    11.928    u_buzz/buzz_i_2_n_0
    SLICE_X50Y66         LUT5 (Prop_lut5_I0_O)        0.124    12.052 f  u_buzz/cur_div[17]_i_4/O
                         net (fo=14, routed)          0.247    12.299    u_buzz/cur_div[17]_i_4_n_0
    SLICE_X50Y66         LUT6 (Prop_lut6_I0_O)        0.124    12.423 f  u_buzz/cur_div[4]_i_2/O
                         net (fo=2, routed)           0.351    12.774    u_buzz/cur_div[4]_i_2_n_0
    SLICE_X51Y66         LUT6 (Prop_lut6_I5_O)        0.124    12.898 r  u_buzz/freq_cnt[18]_i_22/O
                         net (fo=3, routed)           0.834    13.732    u_buzz/freq_cnt[18]_i_22_n_0
    SLICE_X47Y66         LUT4 (Prop_lut4_I2_O)        0.124    13.856 r  u_buzz/freq_cnt[18]_i_42/O
                         net (fo=1, routed)           0.000    13.856    u_buzz/freq_cnt[18]_i_42_n_0
    SLICE_X47Y66         CARRY4 (Prop_carry4_S[2]_CO[3])
                                                      0.398    14.254 r  u_buzz/freq_cnt_reg[18]_i_23/CO[3]
                         net (fo=1, routed)           0.000    14.254    u_buzz/freq_cnt_reg[18]_i_23_n_0
    SLICE_X47Y67         CARRY4 (Prop_carry4_CI_CO[3])
                                                      0.114    14.368 r  u_buzz/freq_cnt_reg[18]_i_11/CO[3]
                         net (fo=1, routed)           0.000    14.368    u_buzz/freq_cnt_reg[18]_i_11_n_0
    SLICE_X47Y68         CARRY4 (Prop_carry4_CI_CO[1])
                                                      0.157    14.525 f  u_buzz/freq_cnt_reg[18]_i_5/CO[1]
                         net (fo=20, routed)          0.781    15.306    u_buzz/freq_cnt1
    SLICE_X48Y70         LUT4 (Prop_lut4_I3_O)        0.329    15.635 r  u_buzz/freq_cnt[16]_i_1/O
                         net (fo=1, routed)           0.000    15.635    u_buzz/freq_cnt[16]_i_1_n_0
    SLICE_X48Y70         FDCE                                         r  u_buzz/freq_cnt_reg[16]/D
  -------------------------------------------------------------------    -------------------

                         (clock sys_clk_pin rise edge)
                                                     10.000    10.000 r  
    W5                                                0.000    10.000 r  clk (IN)
                         net (fo=0)                   0.000    10.000    clk
    W5                   IBUF (Prop_ibuf_I_O)         1.388    11.388 r  clk_IBUF_inst/O
                         net (fo=1, routed)           1.862    13.250    clk_IBUF
    BUFGCTRL_X0Y0        BUFG (Prop_bufg_I_O)         0.091    13.341 r  clk_IBUF_BUFG_inst/O
                         net (fo=668, routed)         1.430    14.771    u_buzz/clk
    SLICE_X48Y70         FDCE                                         r  u_buzz/freq_cnt_reg[16]/C
                         clock pessimism              0.258    15.029    
                         clock uncertainty           -0.035    14.994    
    SLICE_X48Y70         FDCE (Setup_fdce_C_D)        0.031    15.025    u_buzz/freq_cnt_reg[16]
  -------------------------------------------------------------------
                         required time                         15.025    
                         arrival time                         -15.635    
  -------------------------------------------------------------------
                         slack                                 -0.610    

Slack (VIOLATED) :        -0.608ns  (required time - arrival time)
  Source:                 sys_state_d1_reg[2]/C
                            (rising edge-triggered cell FDCE clocked by sys_clk_pin  {rise@0.000ns fall@5.000ns period=10.000ns})
  Destination:            u_buzz/freq_cnt_reg[9]/D
                            (rising edge-triggered cell FDCE clocked by sys_clk_pin  {rise@0.000ns fall@5.000ns period=10.000ns})
  Path Group:             sys_clk_pin
  Path Type:              Setup (Max at Slow Process Corner)
  Requirement:            10.000ns  (sys_clk_pin rise@10.000ns - sys_clk_pin rise@0.000ns)
  Data Path Delay:        10.560ns  (logic 3.782ns (35.814%)  route 6.778ns (64.186%))
  Logic Levels:           19  (CARRY4=6 LUT2=1 LUT4=2 LUT5=2 LUT6=8)
  Clock Path Skew:        -0.042ns (DCD - SCD + CPR)
    Destination Clock Delay (DCD):    4.771ns = ( 14.771 - 10.000 ) 
    Source Clock Delay      (SCD):    5.071ns
    Clock Pessimism Removal (CPR):    0.258ns
  Clock Uncertainty:      0.035ns  ((TSJ^2 + TIJ^2)^1/2 + DJ) / 2 + PE
    Total System Jitter     (TSJ):    0.071ns
    Total Input Jitter      (TIJ):    0.000ns
    Discrete Jitter          (DJ):    0.000ns
    Phase Error              (PE):    0.000ns

    Location             Delay type                Incr(ns)  Path(ns)    Netlist Resource(s)
  -------------------------------------------------------------------    -------------------
                         (clock sys_clk_pin rise edge)
                                                      0.000     0.000 r  
    W5                                                0.000     0.000 r  clk (IN)
                         net (fo=0)                   0.000     0.000    clk
    W5                   IBUF (Prop_ibuf_I_O)         1.458     1.458 r  clk_IBUF_inst/O
                         net (fo=1, routed)           1.967     3.425    clk_IBUF
    BUFGCTRL_X0Y0        BUFG (Prop_bufg_I_O)         0.096     3.521 r  clk_IBUF_BUFG_inst/O
                         net (fo=668, routed)         1.550     5.071    clk_IBUF_BUFG
    SLICE_X42Y62         FDCE                                         r  sys_state_d1_reg[2]/C
  -------------------------------------------------------------------    -------------------
    SLICE_X42Y62         FDCE (Prop_fdce_C_Q)         0.518     5.589 f  sys_state_d1_reg[2]/Q
                         net (fo=2, routed)           1.011     6.600    u_buzz/note_idx_reg[0]_0[2]
    SLICE_X42Y63         LUT6 (Prop_lut6_I3_O)        0.124     6.724 r  u_buzz/note_idx[3]_i_3/O
                         net (fo=77, routed)          0.691     7.415    u_buzz/note_idx[3]_i_3_n_0
    SLICE_X44Y64         LUT6 (Prop_lut6_I1_O)        0.124     7.539 r  u_buzz/note_idx[3]_i_34/O
                         net (fo=3, routed)           0.306     7.845    u_buzz/note_idx[3]_i_34_n_0
    SLICE_X46Y64         LUT5 (Prop_lut5_I0_O)        0.124     7.969 r  u_buzz/note_idx[3]_i_37/O
                         net (fo=1, routed)           0.162     8.131    u_buzz/note_idx[3]_i_37_n_0
    SLICE_X46Y64         LUT6 (Prop_lut6_I0_O)        0.124     8.255 r  u_buzz/note_idx[3]_i_32/O
                         net (fo=3, routed)           0.391     8.646    u_buzz/note_idx[3]_i_32_n_0
    SLICE_X49Y64         LUT6 (Prop_lut6_I0_O)        0.124     8.770 r  u_buzz/note_idx[3]_i_23/O
                         net (fo=1, routed)           0.292     9.062    u_buzz/note_idx[3]_i_23_n_0
    SLICE_X49Y65         LUT6 (Prop_lut6_I5_O)        0.124     9.186 r  u_buzz/note_idx[3]_i_16/O
                         net (fo=13, routed)          0.565     9.751    u_buzz/note_idx[3]_i_16_n_0
    SLICE_X48Y64         LUT6 (Prop_lut6_I0_O)        0.124     9.875 r  u_buzz/note_idx[3]_i_21/O
                         net (fo=1, routed)           0.000     9.875    u_buzz/note_idx[3]_i_21_n_0
    SLICE_X48Y64         CARRY4 (Prop_carry4_S[1]_CO[3])
                                                      0.550    10.425 r  u_buzz/note_idx_reg[3]_i_11/CO[3]
                         net (fo=1, routed)           0.000    10.425    u_buzz/note_idx_reg[3]_i_11_n_0
    SLICE_X48Y65         CARRY4 (Prop_carry4_CI_CO[3])
                                                      0.114    10.539 r  u_buzz/note_idx_reg[3]_i_6/CO[3]
                         net (fo=1, routed)           0.000    10.539    u_buzz/note_idx_reg[3]_i_6_n_0
    SLICE_X48Y66         CARRY4 (Prop_carry4_CI_CO[3])
                                                      0.114    10.653 r  u_buzz/note_idx_reg[3]_i_5/CO[3]
                         net (fo=7, routed)           0.687    11.340    u_buzz/note_idx_reg[3]_i_5_n_0
    SLICE_X51Y66         LUT2 (Prop_lut2_I0_O)        0.124    11.464 f  u_buzz/buzz_i_2/O
                         net (fo=26, routed)          0.464    11.928    u_buzz/buzz_i_2_n_0
    SLICE_X50Y66         LUT5 (Prop_lut5_I0_O)        0.124    12.052 f  u_buzz/cur_div[17]_i_4/O
                         net (fo=14, routed)          0.247    12.299    u_buzz/cur_div[17]_i_4_n_0
    SLICE_X50Y66         LUT6 (Prop_lut6_I0_O)        0.124    12.423 f  u_buzz/cur_div[4]_i_2/O
                         net (fo=2, routed)           0.351    12.774    u_buzz/cur_div[4]_i_2_n_0
    SLICE_X51Y66         LUT6 (Prop_lut6_I5_O)        0.124    12.898 r  u_buzz/freq_cnt[18]_i_22/O
                         net (fo=3, routed)           0.834    13.732    u_buzz/freq_cnt[18]_i_22_n_0
    SLICE_X47Y66         LUT4 (Prop_lut4_I2_O)        0.124    13.856 r  u_buzz/freq_cnt[18]_i_42/O
                         net (fo=1, routed)           0.000    13.856    u_buzz/freq_cnt[18]_i_42_n_0
    SLICE_X47Y66         CARRY4 (Prop_carry4_S[2]_CO[3])
                                                      0.398    14.254 r  u_buzz/freq_cnt_reg[18]_i_23/CO[3]
                         net (fo=1, routed)           0.000    14.254    u_buzz/freq_cnt_reg[18]_i_23_n_0
    SLICE_X47Y67         CARRY4 (Prop_carry4_CI_CO[3])
                                                      0.114    14.368 r  u_buzz/freq_cnt_reg[18]_i_11/CO[3]
                         net (fo=1, routed)           0.000    14.368    u_buzz/freq_cnt_reg[18]_i_11_n_0
    SLICE_X47Y68         CARRY4 (Prop_carry4_CI_CO[1])
                                                      0.157    14.525 f  u_buzz/freq_cnt_reg[18]_i_5/CO[1]
                         net (fo=20, routed)          0.777    15.302    u_buzz/freq_cnt1
    SLICE_X48Y70         LUT4 (Prop_lut4_I3_O)        0.329    15.631 r  u_buzz/freq_cnt[9]_i_1/O
                         net (fo=1, routed)           0.000    15.631    u_buzz/freq_cnt[9]_i_1_n_0
    SLICE_X48Y70         FDCE                                         r  u_buzz/freq_cnt_reg[9]/D
  -------------------------------------------------------------------    -------------------

                         (clock sys_clk_pin rise edge)
                                                     10.000    10.000 r  
    W5                                                0.000    10.000 r  clk (IN)
                         net (fo=0)                   0.000    10.000    clk
    W5                   IBUF (Prop_ibuf_I_O)         1.388    11.388 r  clk_IBUF_inst/O
                         net (fo=1, routed)           1.862    13.250    clk_IBUF
    BUFGCTRL_X0Y0        BUFG (Prop_bufg_I_O)         0.091    13.341 r  clk_IBUF_BUFG_inst/O
                         net (fo=668, routed)         1.430    14.771    u_buzz/clk
    SLICE_X48Y70         FDCE                                         r  u_buzz/freq_cnt_reg[9]/C
                         clock pessimism              0.258    15.029    
                         clock uncertainty           -0.035    14.994    
    SLICE_X48Y70         FDCE (Setup_fdce_C_D)        0.029    15.023    u_buzz/freq_cnt_reg[9]
  -------------------------------------------------------------------
                         required time                         15.023    
                         arrival time                         -15.631    
  -------------------------------------------------------------------
                         slack                                 -0.608    

Slack (VIOLATED) :        -0.594ns  (required time - arrival time)
  Source:                 sys_state_d1_reg[2]/C
                            (rising edge-triggered cell FDCE clocked by sys_clk_pin  {rise@0.000ns fall@5.000ns period=10.000ns})
  Destination:            u_buzz/freq_cnt_reg[13]/D
                            (rising edge-triggered cell FDCE clocked by sys_clk_pin  {rise@0.000ns fall@5.000ns period=10.000ns})
  Path Group:             sys_clk_pin
  Path Type:              Setup (Max at Slow Process Corner)
  Requirement:            10.000ns  (sys_clk_pin rise@10.000ns - sys_clk_pin rise@0.000ns)
  Data Path Delay:        10.545ns  (logic 3.782ns (35.864%)  route 6.763ns (64.136%))
  Logic Levels:           19  (CARRY4=6 LUT2=1 LUT4=2 LUT5=2 LUT6=8)
  Clock Path Skew:        -0.042ns (DCD - SCD + CPR)
    Destination Clock Delay (DCD):    4.771ns = ( 14.771 - 10.000 ) 
    Source Clock Delay      (SCD):    5.071ns
    Clock Pessimism Removal (CPR):    0.258ns
  Clock Uncertainty:      0.035ns  ((TSJ^2 + TIJ^2)^1/2 + DJ) / 2 + PE
    Total System Jitter     (TSJ):    0.071ns
    Total Input Jitter      (TIJ):    0.000ns
    Discrete Jitter          (DJ):    0.000ns
    Phase Error              (PE):    0.000ns

    Location             Delay type                Incr(ns)  Path(ns)    Netlist Resource(s)
  -------------------------------------------------------------------    -------------------
                         (clock sys_clk_pin rise edge)
                                                      0.000     0.000 r  
    W5                                                0.000     0.000 r  clk (IN)
                         net (fo=0)                   0.000     0.000    clk
    W5                   IBUF (Prop_ibuf_I_O)         1.458     1.458 r  clk_IBUF_inst/O
                         net (fo=1, routed)           1.967     3.425    clk_IBUF
    BUFGCTRL_X0Y0        BUFG (Prop_bufg_I_O)         0.096     3.521 r  clk_IBUF_BUFG_inst/O
                         net (fo=668, routed)         1.550     5.071    clk_IBUF_BUFG
    SLICE_X42Y62         FDCE                                         r  sys_state_d1_reg[2]/C
  -------------------------------------------------------------------    -------------------
    SLICE_X42Y62         FDCE (Prop_fdce_C_Q)         0.518     5.589 f  sys_state_d1_reg[2]/Q
                         net (fo=2, routed)           1.011     6.600    u_buzz/note_idx_reg[0]_0[2]
    SLICE_X42Y63         LUT6 (Prop_lut6_I3_O)        0.124     6.724 r  u_buzz/note_idx[3]_i_3/O
                         net (fo=77, routed)          0.691     7.415    u_buzz/note_idx[3]_i_3_n_0
    SLICE_X44Y64         LUT6 (Prop_lut6_I1_O)        0.124     7.539 r  u_buzz/note_idx[3]_i_34/O
                         net (fo=3, routed)           0.306     7.845    u_buzz/note_idx[3]_i_34_n_0
    SLICE_X46Y64         LUT5 (Prop_lut5_I0_O)        0.124     7.969 r  u_buzz/note_idx[3]_i_37/O
                         net (fo=1, routed)           0.162     8.131    u_buzz/note_idx[3]_i_37_n_0
    SLICE_X46Y64         LUT6 (Prop_lut6_I0_O)        0.124     8.255 r  u_buzz/note_idx[3]_i_32/O
                         net (fo=3, routed)           0.391     8.646    u_buzz/note_idx[3]_i_32_n_0
    SLICE_X49Y64         LUT6 (Prop_lut6_I0_O)        0.124     8.770 r  u_buzz/note_idx[3]_i_23/O
                         net (fo=1, routed)           0.292     9.062    u_buzz/note_idx[3]_i_23_n_0
    SLICE_X49Y65         LUT6 (Prop_lut6_I5_O)        0.124     9.186 r  u_buzz/note_idx[3]_i_16/O
                         net (fo=13, routed)          0.565     9.751    u_buzz/note_idx[3]_i_16_n_0
    SLICE_X48Y64         LUT6 (Prop_lut6_I0_O)        0.124     9.875 r  u_buzz/note_idx[3]_i_21/O
                         net (fo=1, routed)           0.000     9.875    u_buzz/note_idx[3]_i_21_n_0
    SLICE_X48Y64         CARRY4 (Prop_carry4_S[1]_CO[3])
                                                      0.550    10.425 r  u_buzz/note_idx_reg[3]_i_11/CO[3]
                         net (fo=1, routed)           0.000    10.425    u_buzz/note_idx_reg[3]_i_11_n_0
    SLICE_X48Y65         CARRY4 (Prop_carry4_CI_CO[3])
                                                      0.114    10.539 r  u_buzz/note_idx_reg[3]_i_6/CO[3]
                         net (fo=1, routed)           0.000    10.539    u_buzz/note_idx_reg[3]_i_6_n_0
    SLICE_X48Y66         CARRY4 (Prop_carry4_CI_CO[3])
                                                      0.114    10.653 r  u_buzz/note_idx_reg[3]_i_5/CO[3]
                         net (fo=7, routed)           0.687    11.340    u_buzz/note_idx_reg[3]_i_5_n_0
    SLICE_X51Y66         LUT2 (Prop_lut2_I0_O)        0.124    11.464 f  u_buzz/buzz_i_2/O
                         net (fo=26, routed)          0.464    11.928    u_buzz/buzz_i_2_n_0
    SLICE_X50Y66         LUT5 (Prop_lut5_I0_O)        0.124    12.052 f  u_buzz/cur_div[17]_i_4/O
                         net (fo=14, routed)          0.247    12.299    u_buzz/cur_div[17]_i_4_n_0
    SLICE_X50Y66         LUT6 (Prop_lut6_I0_O)        0.124    12.423 f  u_buzz/cur_div[4]_i_2/O
                         net (fo=2, routed)           0.351    12.774    u_buzz/cur_div[4]_i_2_n_0
    SLICE_X51Y66         LUT6 (Prop_lut6_I5_O)        0.124    12.898 r  u_buzz/freq_cnt[18]_i_22/O
                         net (fo=3, routed)           0.834    13.732    u_buzz/freq_cnt[18]_i_22_n_0
    SLICE_X47Y66         LUT4 (Prop_lut4_I2_O)        0.124    13.856 r  u_buzz/freq_cnt[18]_i_42/O
                         net (fo=1, routed)           0.000    13.856    u_buzz/freq_cnt[18]_i_42_n_0
    SLICE_X47Y66         CARRY4 (Prop_carry4_S[2]_CO[3])
                                                      0.398    14.254 r  u_buzz/freq_cnt_reg[18]_i_23/CO[3]
                         net (fo=1, routed)           0.000    14.254    u_buzz/freq_cnt_reg[18]_i_23_n_0
    SLICE_X47Y67         CARRY4 (Prop_carry4_CI_CO[3])
                                                      0.114    14.368 r  u_buzz/freq_cnt_reg[18]_i_11/CO[3]
                         net (fo=1, routed)           0.000    14.368    u_buzz/freq_cnt_reg[18]_i_11_n_0
    SLICE_X47Y68         CARRY4 (Prop_carry4_CI_CO[1])
                                                      0.157    14.525 f  u_buzz/freq_cnt_reg[18]_i_5/CO[1]
                         net (fo=20, routed)          0.763    15.287    u_buzz/freq_cnt1
    SLICE_X49Y70         LUT4 (Prop_lut4_I3_O)        0.329    15.616 r  u_buzz/freq_cnt[13]_i_1/O
                         net (fo=1, routed)           0.000    15.616    u_buzz/freq_cnt[13]_i_1_n_0
    SLICE_X49Y70         FDCE                                         r  u_buzz/freq_cnt_reg[13]/D
  -------------------------------------------------------------------    -------------------

                         (clock sys_clk_pin rise edge)
                                                     10.000    10.000 r  
    W5                                                0.000    10.000 r  clk (IN)
                         net (fo=0)                   0.000    10.000    clk
    W5                   IBUF (Prop_ibuf_I_O)         1.388    11.388 r  clk_IBUF_inst/O
                         net (fo=1, routed)           1.862    13.250    clk_IBUF
    BUFGCTRL_X0Y0        BUFG (Prop_bufg_I_O)         0.091    13.341 r  clk_IBUF_BUFG_inst/O
                         net (fo=668, routed)         1.430    14.771    u_buzz/clk
    SLICE_X49Y70         FDCE                                         r  u_buzz/freq_cnt_reg[13]/C
                         clock pessimism              0.258    15.029    
                         clock uncertainty           -0.035    14.994    
    SLICE_X49Y70         FDCE (Setup_fdce_C_D)        0.029    15.023    u_buzz/freq_cnt_reg[13]
  -------------------------------------------------------------------
                         required time                         15.023    
                         arrival time                         -15.616    
  -------------------------------------------------------------------
                         slack                                 -0.594    

Slack (VIOLATED) :        -0.593ns  (required time - arrival time)
  Source:                 sys_state_d1_reg[2]/C
                            (rising edge-triggered cell FDCE clocked by sys_clk_pin  {rise@0.000ns fall@5.000ns period=10.000ns})
  Destination:            u_buzz/freq_cnt_reg[14]/D
                            (rising edge-triggered cell FDCE clocked by sys_clk_pin  {rise@0.000ns fall@5.000ns period=10.000ns})
  Path Group:             sys_clk_pin
  Path Type:              Setup (Max at Slow Process Corner)
  Requirement:            10.000ns  (sys_clk_pin rise@10.000ns - sys_clk_pin rise@0.000ns)
  Data Path Delay:        10.546ns  (logic 3.782ns (35.861%)  route 6.764ns (64.139%))
  Logic Levels:           19  (CARRY4=6 LUT2=1 LUT4=2 LUT5=2 LUT6=8)
  Clock Path Skew:        -0.042ns (DCD - SCD + CPR)
    Destination Clock Delay (DCD):    4.771ns = ( 14.771 - 10.000 ) 
    Source Clock Delay      (SCD):    5.071ns
    Clock Pessimism Removal (CPR):    0.258ns
  Clock Uncertainty:      0.035ns  ((TSJ^2 + TIJ^2)^1/2 + DJ) / 2 + PE
    Total System Jitter     (TSJ):    0.071ns
    Total Input Jitter      (TIJ):    0.000ns
    Discrete Jitter          (DJ):    0.000ns
    Phase Error              (PE):    0.000ns

    Location             Delay type                Incr(ns)  Path(ns)    Netlist Resource(s)
  -------------------------------------------------------------------    -------------------
                         (clock sys_clk_pin rise edge)
                                                      0.000     0.000 r  
    W5                                                0.000     0.000 r  clk (IN)
                         net (fo=0)                   0.000     0.000    clk
    W5                   IBUF (Prop_ibuf_I_O)         1.458     1.458 r  clk_IBUF_inst/O
                         net (fo=1, routed)           1.967     3.425    clk_IBUF
    BUFGCTRL_X0Y0        BUFG (Prop_bufg_I_O)         0.096     3.521 r  clk_IBUF_BUFG_inst/O
                         net (fo=668, routed)         1.550     5.071    clk_IBUF_BUFG
    SLICE_X42Y62         FDCE                                         r  sys_state_d1_reg[2]/C
  -------------------------------------------------------------------    -------------------
    SLICE_X42Y62         FDCE (Prop_fdce_C_Q)         0.518     5.589 f  sys_state_d1_reg[2]/Q
                         net (fo=2, routed)           1.011     6.600    u_buzz/note_idx_reg[0]_0[2]
    SLICE_X42Y63         LUT6 (Prop_lut6_I3_O)        0.124     6.724 r  u_buzz/note_idx[3]_i_3/O
                         net (fo=77, routed)          0.691     7.415    u_buzz/note_idx[3]_i_3_n_0
    SLICE_X44Y64         LUT6 (Prop_lut6_I1_O)        0.124     7.539 r  u_buzz/note_idx[3]_i_34/O
                         net (fo=3, routed)           0.306     7.845    u_buzz/note_idx[3]_i_34_n_0
    SLICE_X46Y64         LUT5 (Prop_lut5_I0_O)        0.124     7.969 r  u_buzz/note_idx[3]_i_37/O
                         net (fo=1, routed)           0.162     8.131    u_buzz/note_idx[3]_i_37_n_0
    SLICE_X46Y64         LUT6 (Prop_lut6_I0_O)        0.124     8.255 r  u_buzz/note_idx[3]_i_32/O
                         net (fo=3, routed)           0.391     8.646    u_buzz/note_idx[3]_i_32_n_0
    SLICE_X49Y64         LUT6 (Prop_lut6_I0_O)        0.124     8.770 r  u_buzz/note_idx[3]_i_23/O
                         net (fo=1, routed)           0.292     9.062    u_buzz/note_idx[3]_i_23_n_0
    SLICE_X49Y65         LUT6 (Prop_lut6_I5_O)        0.124     9.186 r  u_buzz/note_idx[3]_i_16/O
                         net (fo=13, routed)          0.565     9.751    u_buzz/note_idx[3]_i_16_n_0
    SLICE_X48Y64         LUT6 (Prop_lut6_I0_O)        0.124     9.875 r  u_buzz/note_idx[3]_i_21/O
                         net (fo=1, routed)           0.000     9.875    u_buzz/note_idx[3]_i_21_n_0
    SLICE_X48Y64         CARRY4 (Prop_carry4_S[1]_CO[3])
                                                      0.550    10.425 r  u_buzz/note_idx_reg[3]_i_11/CO[3]
                         net (fo=1, routed)           0.000    10.425    u_buzz/note_idx_reg[3]_i_11_n_0
    SLICE_X48Y65         CARRY4 (Prop_carry4_CI_CO[3])
                                                      0.114    10.539 r  u_buzz/note_idx_reg[3]_i_6/CO[3]
                         net (fo=1, routed)           0.000    10.539    u_buzz/note_idx_reg[3]_i_6_n_0
    SLICE_X48Y66         CARRY4 (Prop_carry4_CI_CO[3])
                                                      0.114    10.653 r  u_buzz/note_idx_reg[3]_i_5/CO[3]
                         net (fo=7, routed)           0.687    11.340    u_buzz/note_idx_reg[3]_i_5_n_0
    SLICE_X51Y66         LUT2 (Prop_lut2_I0_O)        0.124    11.464 f  u_buzz/buzz_i_2/O
                         net (fo=26, routed)          0.464    11.928    u_buzz/buzz_i_2_n_0
    SLICE_X50Y66         LUT5 (Prop_lut5_I0_O)        0.124    12.052 f  u_buzz/cur_div[17]_i_4/O
                         net (fo=14, routed)          0.247    12.299    u_buzz/cur_div[17]_i_4_n_0
    SLICE_X50Y66         LUT6 (Prop_lut6_I0_O)        0.124    12.423 f  u_buzz/cur_div[4]_i_2/O
                         net (fo=2, routed)           0.351    12.774    u_buzz/cur_div[4]_i_2_n_0
    SLICE_X51Y66         LUT6 (Prop_lut6_I5_O)        0.124    12.898 r  u_buzz/freq_cnt[18]_i_22/O
                         net (fo=3, routed)           0.834    13.732    u_buzz/freq_cnt[18]_i_22_n_0
    SLICE_X47Y66         LUT4 (Prop_lut4_I2_O)        0.124    13.856 r  u_buzz/freq_cnt[18]_i_42/O
                         net (fo=1, routed)           0.000    13.856    u_buzz/freq_cnt[18]_i_42_n_0
    SLICE_X47Y66         CARRY4 (Prop_carry4_S[2]_CO[3])
                                                      0.398    14.254 r  u_buzz/freq_cnt_reg[18]_i_23/CO[3]
                         net (fo=1, routed)           0.000    14.254    u_buzz/freq_cnt_reg[18]_i_23_n_0
    SLICE_X47Y67         CARRY4 (Prop_carry4_CI_CO[3])
                                                      0.114    14.368 r  u_buzz/freq_cnt_reg[18]_i_11/CO[3]
                         net (fo=1, routed)           0.000    14.368    u_buzz/freq_cnt_reg[18]_i_11_n_0
    SLICE_X47Y68         CARRY4 (Prop_carry4_CI_CO[1])
                                                      0.157    14.525 f  u_buzz/freq_cnt_reg[18]_i_5/CO[1]
                         net (fo=20, routed)          0.764    15.288    u_buzz/freq_cnt1
    SLICE_X49Y70         LUT4 (Prop_lut4_I3_O)        0.329    15.617 r  u_buzz/freq_cnt[14]_i_1/O
                         net (fo=1, routed)           0.000    15.617    u_buzz/freq_cnt[14]_i_1_n_0
    SLICE_X49Y70         FDCE                                         r  u_buzz/freq_cnt_reg[14]/D
  -------------------------------------------------------------------    -------------------

                         (clock sys_clk_pin rise edge)
                                                     10.000    10.000 r  
    W5                                                0.000    10.000 r  clk (IN)
                         net (fo=0)                   0.000    10.000    clk
    W5                   IBUF (Prop_ibuf_I_O)         1.388    11.388 r  clk_IBUF_inst/O
                         net (fo=1, routed)           1.862    13.250    clk_IBUF
    BUFGCTRL_X0Y0        BUFG (Prop_bufg_I_O)         0.091    13.341 r  clk_IBUF_BUFG_inst/O
                         net (fo=668, routed)         1.430    14.771    u_buzz/clk
    SLICE_X49Y70         FDCE                                         r  u_buzz/freq_cnt_reg[14]/C
                         clock pessimism              0.258    15.029    
                         clock uncertainty           -0.035    14.994    
    SLICE_X49Y70         FDCE (Setup_fdce_C_D)        0.031    15.025    u_buzz/freq_cnt_reg[14]
  -------------------------------------------------------------------
                         required time                         15.025    
                         arrival time                         -15.617    
  -------------------------------------------------------------------
                         slack                                 -0.593    

Slack (VIOLATED) :        -0.583ns  (required time - arrival time)
  Source:                 sys_state_d1_reg[2]/C
                            (rising edge-triggered cell FDCE clocked by sys_clk_pin  {rise@0.000ns fall@5.000ns period=10.000ns})
  Destination:            u_buzz/freq_cnt_reg[7]/D
                            (rising edge-triggered cell FDCE clocked by sys_clk_pin  {rise@0.000ns fall@5.000ns period=10.000ns})
  Path Group:             sys_clk_pin
  Path Type:              Setup (Max at Slow Process Corner)
  Requirement:            10.000ns  (sys_clk_pin rise@10.000ns - sys_clk_pin rise@0.000ns)
  Data Path Delay:        10.537ns  (logic 3.782ns (35.893%)  route 6.755ns (64.107%))
  Logic Levels:           19  (CARRY4=6 LUT2=1 LUT4=2 LUT5=2 LUT6=8)
  Clock Path Skew:        -0.042ns (DCD - SCD + CPR)
    Destination Clock Delay (DCD):    4.771ns = ( 14.771 - 10.000 ) 
    Source Clock Delay      (SCD):    5.071ns
    Clock Pessimism Removal (CPR):    0.258ns
  Clock Uncertainty:      0.035ns  ((TSJ^2 + TIJ^2)^1/2 + DJ) / 2 + PE
    Total System Jitter     (TSJ):    0.071ns
    Total Input Jitter      (TIJ):    0.000ns
    Discrete Jitter          (DJ):    0.000ns
    Phase Error              (PE):    0.000ns

    Location             Delay type                Incr(ns)  Path(ns)    Netlist Resource(s)
  -------------------------------------------------------------------    -------------------
                         (clock sys_clk_pin rise edge)
                                                      0.000     0.000 r  
    W5                                                0.000     0.000 r  clk (IN)
                         net (fo=0)                   0.000     0.000    clk
    W5                   IBUF (Prop_ibuf_I_O)         1.458     1.458 r  clk_IBUF_inst/O
                         net (fo=1, routed)           1.967     3.425    clk_IBUF
    BUFGCTRL_X0Y0        BUFG (Prop_bufg_I_O)         0.096     3.521 r  clk_IBUF_BUFG_inst/O
                         net (fo=668, routed)         1.550     5.071    clk_IBUF_BUFG
    SLICE_X42Y62         FDCE                                         r  sys_state_d1_reg[2]/C
  -------------------------------------------------------------------    -------------------
    SLICE_X42Y62         FDCE (Prop_fdce_C_Q)         0.518     5.589 f  sys_state_d1_reg[2]/Q
                         net (fo=2, routed)           1.011     6.600    u_buzz/note_idx_reg[0]_0[2]
    SLICE_X42Y63         LUT6 (Prop_lut6_I3_O)        0.124     6.724 r  u_buzz/note_idx[3]_i_3/O
                         net (fo=77, routed)          0.691     7.415    u_buzz/note_idx[3]_i_3_n_0
    SLICE_X44Y64         LUT6 (Prop_lut6_I1_O)        0.124     7.539 r  u_buzz/note_idx[3]_i_34/O
                         net (fo=3, routed)           0.306     7.845    u_buzz/note_idx[3]_i_34_n_0
    SLICE_X46Y64         LUT5 (Prop_lut5_I0_O)        0.124     7.969 r  u_buzz/note_idx[3]_i_37/O
                         net (fo=1, routed)           0.162     8.131    u_buzz/note_idx[3]_i_37_n_0
    SLICE_X46Y64         LUT6 (Prop_lut6_I0_O)        0.124     8.255 r  u_buzz/note_idx[3]_i_32/O
                         net (fo=3, routed)           0.391     8.646    u_buzz/note_idx[3]_i_32_n_0
    SLICE_X49Y64         LUT6 (Prop_lut6_I0_O)        0.124     8.770 r  u_buzz/note_idx[3]_i_23/O
                         net (fo=1, routed)           0.292     9.062    u_buzz/note_idx[3]_i_23_n_0
    SLICE_X49Y65         LUT6 (Prop_lut6_I5_O)        0.124     9.186 r  u_buzz/note_idx[3]_i_16/O
                         net (fo=13, routed)          0.565     9.751    u_buzz/note_idx[3]_i_16_n_0
    SLICE_X48Y64         LUT6 (Prop_lut6_I0_O)        0.124     9.875 r  u_buzz/note_idx[3]_i_21/O
                         net (fo=1, routed)           0.000     9.875    u_buzz/note_idx[3]_i_21_n_0
    SLICE_X48Y64         CARRY4 (Prop_carry4_S[1]_CO[3])
                                                      0.550    10.425 r  u_buzz/note_idx_reg[3]_i_11/CO[3]
                         net (fo=1, routed)           0.000    10.425    u_buzz/note_idx_reg[3]_i_11_n_0
    SLICE_X48Y65         CARRY4 (Prop_carry4_CI_CO[3])
                                                      0.114    10.539 r  u_buzz/note_idx_reg[3]_i_6/CO[3]
                         net (fo=1, routed)           0.000    10.539    u_buzz/note_idx_reg[3]_i_6_n_0
    SLICE_X48Y66         CARRY4 (Prop_carry4_CI_CO[3])
                                                      0.114    10.653 r  u_buzz/note_idx_reg[3]_i_5/CO[3]
                         net (fo=7, routed)           0.687    11.340    u_buzz/note_idx_reg[3]_i_5_n_0
    SLICE_X51Y66         LUT2 (Prop_lut2_I0_O)        0.124    11.464 f  u_buzz/buzz_i_2/O
                         net (fo=26, routed)          0.464    11.928    u_buzz/buzz_i_2_n_0
    SLICE_X50Y66         LUT5 (Prop_lut5_I0_O)        0.124    12.052 f  u_buzz/cur_div[17]_i_4/O
                         net (fo=14, routed)          0.247    12.299    u_buzz/cur_div[17]_i_4_n_0
    SLICE_X50Y66         LUT6 (Prop_lut6_I0_O)        0.124    12.423 f  u_buzz/cur_div[4]_i_2/O
                         net (fo=2, routed)           0.351    12.774    u_buzz/cur_div[4]_i_2_n_0
    SLICE_X51Y66         LUT6 (Prop_lut6_I5_O)        0.124    12.898 r  u_buzz/freq_cnt[18]_i_22/O
                         net (fo=3, routed)           0.834    13.732    u_buzz/freq_cnt[18]_i_22_n_0
    SLICE_X47Y66         LUT4 (Prop_lut4_I2_O)        0.124    13.856 r  u_buzz/freq_cnt[18]_i_42/O
                         net (fo=1, routed)           0.000    13.856    u_buzz/freq_cnt[18]_i_42_n_0
    SLICE_X47Y66         CARRY4 (Prop_carry4_S[2]_CO[3])
                                                      0.398    14.254 r  u_buzz/freq_cnt_reg[18]_i_23/CO[3]
                         net (fo=1, routed)           0.000    14.254    u_buzz/freq_cnt_reg[18]_i_23_n_0
    SLICE_X47Y67         CARRY4 (Prop_carry4_CI_CO[3])
                                                      0.114    14.368 r  u_buzz/freq_cnt_reg[18]_i_11/CO[3]
                         net (fo=1, routed)           0.000    14.368    u_buzz/freq_cnt_reg[18]_i_11_n_0
    SLICE_X47Y68         CARRY4 (Prop_carry4_CI_CO[1])
                                                      0.157    14.525 f  u_buzz/freq_cnt_reg[18]_i_5/CO[1]
                         net (fo=20, routed)          0.754    15.279    u_buzz/freq_cnt1
    SLICE_X48Y70         LUT4 (Prop_lut4_I3_O)        0.329    15.608 r  u_buzz/freq_cnt[7]_i_1/O
                         net (fo=1, routed)           0.000    15.608    u_buzz/freq_cnt[7]_i_1_n_0
    SLICE_X48Y70         FDCE                                         r  u_buzz/freq_cnt_reg[7]/D
  -------------------------------------------------------------------    -------------------

                         (clock sys_clk_pin rise edge)
                                                     10.000    10.000 r  
    W5                                                0.000    10.000 r  clk (IN)
                         net (fo=0)                   0.000    10.000    clk
    W5                   IBUF (Prop_ibuf_I_O)         1.388    11.388 r  clk_IBUF_inst/O
                         net (fo=1, routed)           1.862    13.250    clk_IBUF
    BUFGCTRL_X0Y0        BUFG (Prop_bufg_I_O)         0.091    13.341 r  clk_IBUF_BUFG_inst/O
                         net (fo=668, routed)         1.430    14.771    u_buzz/clk
    SLICE_X48Y70         FDCE                                         r  u_buzz/freq_cnt_reg[7]/C
                         clock pessimism              0.258    15.029    
                         clock uncertainty           -0.035    14.994    
    SLICE_X48Y70         FDCE (Setup_fdce_C_D)        0.031    15.025    u_buzz/freq_cnt_reg[7]
  -------------------------------------------------------------------
                         required time                         15.025    
                         arrival time                         -15.608    
  -------------------------------------------------------------------
                         slack                                 -0.583    

Slack (VIOLATED) :        -0.578ns  (required time - arrival time)
  Source:                 sys_state_d1_reg[2]/C
                            (rising edge-triggered cell FDCE clocked by sys_clk_pin  {rise@0.000ns fall@5.000ns period=10.000ns})
  Destination:            u_buzz/freq_cnt_reg[17]/D
                            (rising edge-triggered cell FDCE clocked by sys_clk_pin  {rise@0.000ns fall@5.000ns period=10.000ns})
  Path Group:             sys_clk_pin
  Path Type:              Setup (Max at Slow Process Corner)
  Requirement:            10.000ns  (sys_clk_pin rise@10.000ns - sys_clk_pin rise@0.000ns)
  Data Path Delay:        10.532ns  (logic 3.782ns (35.909%)  route 6.750ns (64.091%))
  Logic Levels:           19  (CARRY4=6 LUT2=1 LUT4=2 LUT5=2 LUT6=8)
  Clock Path Skew:        -0.042ns (DCD - SCD + CPR)
    Destination Clock Delay (DCD):    4.771ns = ( 14.771 - 10.000 ) 
    Source Clock Delay      (SCD):    5.071ns
    Clock Pessimism Removal (CPR):    0.258ns
  Clock Uncertainty:      0.035ns  ((TSJ^2 + TIJ^2)^1/2 + DJ) / 2 + PE
    Total System Jitter     (TSJ):    0.071ns
    Total Input Jitter      (TIJ):    0.000ns
    Discrete Jitter          (DJ):    0.000ns
    Phase Error              (PE):    0.000ns

    Location             Delay type                Incr(ns)  Path(ns)    Netlist Resource(s)
  -------------------------------------------------------------------    -------------------
                         (clock sys_clk_pin rise edge)
                                                      0.000     0.000 r  
    W5                                                0.000     0.000 r  clk (IN)
                         net (fo=0)                   0.000     0.000    clk
    W5                   IBUF (Prop_ibuf_I_O)         1.458     1.458 r  clk_IBUF_inst/O
                         net (fo=1, routed)           1.967     3.425    clk_IBUF
    BUFGCTRL_X0Y0        BUFG (Prop_bufg_I_O)         0.096     3.521 r  clk_IBUF_BUFG_inst/O
                         net (fo=668, routed)         1.550     5.071    clk_IBUF_BUFG
    SLICE_X42Y62         FDCE                                         r  sys_state_d1_reg[2]/C
  -------------------------------------------------------------------    -------------------
    SLICE_X42Y62         FDCE (Prop_fdce_C_Q)         0.518     5.589 f  sys_state_d1_reg[2]/Q
                         net (fo=2, routed)           1.011     6.600    u_buzz/note_idx_reg[0]_0[2]
    SLICE_X42Y63         LUT6 (Prop_lut6_I3_O)        0.124     6.724 r  u_buzz/note_idx[3]_i_3/O
                         net (fo=77, routed)          0.691     7.415    u_buzz/note_idx[3]_i_3_n_0
    SLICE_X44Y64         LUT6 (Prop_lut6_I1_O)        0.124     7.539 r  u_buzz/note_idx[3]_i_34/O
                         net (fo=3, routed)           0.306     7.845    u_buzz/note_idx[3]_i_34_n_0
    SLICE_X46Y64         LUT5 (Prop_lut5_I0_O)        0.124     7.969 r  u_buzz/note_idx[3]_i_37/O
                         net (fo=1, routed)           0.162     8.131    u_buzz/note_idx[3]_i_37_n_0
    SLICE_X46Y64         LUT6 (Prop_lut6_I0_O)        0.124     8.255 r  u_buzz/note_idx[3]_i_32/O
                         net (fo=3, routed)           0.391     8.646    u_buzz/note_idx[3]_i_32_n_0
    SLICE_X49Y64         LUT6 (Prop_lut6_I0_O)        0.124     8.770 r  u_buzz/note_idx[3]_i_23/O
                         net (fo=1, routed)           0.292     9.062    u_buzz/note_idx[3]_i_23_n_0
    SLICE_X49Y65         LUT6 (Prop_lut6_I5_O)        0.124     9.186 r  u_buzz/note_idx[3]_i_16/O
                         net (fo=13, routed)          0.565     9.751    u_buzz/note_idx[3]_i_16_n_0
    SLICE_X48Y64         LUT6 (Prop_lut6_I0_O)        0.124     9.875 r  u_buzz/note_idx[3]_i_21/O
                         net (fo=1, routed)           0.000     9.875    u_buzz/note_idx[3]_i_21_n_0
    SLICE_X48Y64         CARRY4 (Prop_carry4_S[1]_CO[3])
                                                      0.550    10.425 r  u_buzz/note_idx_reg[3]_i_11/CO[3]
                         net (fo=1, routed)           0.000    10.425    u_buzz/note_idx_reg[3]_i_11_n_0
    SLICE_X48Y65         CARRY4 (Prop_carry4_CI_CO[3])
                                                      0.114    10.539 r  u_buzz/note_idx_reg[3]_i_6/CO[3]
                         net (fo=1, routed)           0.000    10.539    u_buzz/note_idx_reg[3]_i_6_n_0
    SLICE_X48Y66         CARRY4 (Prop_carry4_CI_CO[3])
                                                      0.114    10.653 r  u_buzz/note_idx_reg[3]_i_5/CO[3]
                         net (fo=7, routed)           0.687    11.340    u_buzz/note_idx_reg[3]_i_5_n_0
    SLICE_X51Y66         LUT2 (Prop_lut2_I0_O)        0.124    11.464 f  u_buzz/buzz_i_2/O
                         net (fo=26, routed)          0.464    11.928    u_buzz/buzz_i_2_n_0
    SLICE_X50Y66         LUT5 (Prop_lut5_I0_O)        0.124    12.052 f  u_buzz/cur_div[17]_i_4/O
                         net (fo=14, routed)          0.247    12.299    u_buzz/cur_div[17]_i_4_n_0
    SLICE_X50Y66         LUT6 (Prop_lut6_I0_O)        0.124    12.423 f  u_buzz/cur_div[4]_i_2/O
                         net (fo=2, routed)           0.351    12.774    u_buzz/cur_div[4]_i_2_n_0
    SLICE_X51Y66         LUT6 (Prop_lut6_I5_O)        0.124    12.898 r  u_buzz/freq_cnt[18]_i_22/O
                         net (fo=3, routed)           0.834    13.732    u_buzz/freq_cnt[18]_i_22_n_0
    SLICE_X47Y66         LUT4 (Prop_lut4_I2_O)        0.124    13.856 r  u_buzz/freq_cnt[18]_i_42/O
                         net (fo=1, routed)           0.000    13.856    u_buzz/freq_cnt[18]_i_42_n_0
    SLICE_X47Y66         CARRY4 (Prop_carry4_S[2]_CO[3])
                                                      0.398    14.254 r  u_buzz/freq_cnt_reg[18]_i_23/CO[3]
                         net (fo=1, routed)           0.000    14.254    u_buzz/freq_cnt_reg[18]_i_23_n_0
    SLICE_X47Y67         CARRY4 (Prop_carry4_CI_CO[3])
                                                      0.114    14.368 r  u_buzz/freq_cnt_reg[18]_i_11/CO[3]
                         net (fo=1, routed)           0.000    14.368    u_buzz/freq_cnt_reg[18]_i_11_n_0
    SLICE_X47Y68         CARRY4 (Prop_carry4_CI_CO[1])
                                                      0.157    14.525 f  u_buzz/freq_cnt_reg[18]_i_5/CO[1]
                         net (fo=20, routed)          0.749    15.274    u_buzz/freq_cnt1
    SLICE_X48Y70         LUT4 (Prop_lut4_I3_O)        0.329    15.603 r  u_buzz/freq_cnt[17]_i_1/O
                         net (fo=1, routed)           0.000    15.603    u_buzz/freq_cnt[17]_i_1_n_0
    SLICE_X48Y70         FDCE                                         r  u_buzz/freq_cnt_reg[17]/D
  -------------------------------------------------------------------    -------------------

                         (clock sys_clk_pin rise edge)
                                                     10.000    10.000 r  
    W5                                                0.000    10.000 r  clk (IN)
                         net (fo=0)                   0.000    10.000    clk
    W5                   IBUF (Prop_ibuf_I_O)         1.388    11.388 r  clk_IBUF_inst/O
                         net (fo=1, routed)           1.862    13.250    clk_IBUF
    BUFGCTRL_X0Y0        BUFG (Prop_bufg_I_O)         0.091    13.341 r  clk_IBUF_BUFG_inst/O
                         net (fo=668, routed)         1.430    14.771    u_buzz/clk
    SLICE_X48Y70         FDCE                                         r  u_buzz/freq_cnt_reg[17]/C
                         clock pessimism              0.258    15.029    
                         clock uncertainty           -0.035    14.994    
    SLICE_X48Y70         FDCE (Setup_fdce_C_D)        0.032    15.026    u_buzz/freq_cnt_reg[17]
  -------------------------------------------------------------------
                         required time                         15.026    
                         arrival time                         -15.603    
  -------------------------------------------------------------------
                         slack                                 -0.578    

Slack (VIOLATED) :        -0.572ns  (required time - arrival time)
  Source:                 sys_state_d1_reg[2]/C
                            (rising edge-triggered cell FDCE clocked by sys_clk_pin  {rise@0.000ns fall@5.000ns period=10.000ns})
  Destination:            u_buzz/freq_cnt_reg[1]/D
                            (rising edge-triggered cell FDCE clocked by sys_clk_pin  {rise@0.000ns fall@5.000ns period=10.000ns})
  Path Group:             sys_clk_pin
  Path Type:              Setup (Max at Slow Process Corner)
  Requirement:            10.000ns  (sys_clk_pin rise@10.000ns - sys_clk_pin rise@0.000ns)
  Data Path Delay:        10.572ns  (logic 3.782ns (35.773%)  route 6.790ns (64.227%))
  Logic Levels:           19  (CARRY4=6 LUT2=1 LUT4=2 LUT5=2 LUT6=8)
  Clock Path Skew:        -0.041ns (DCD - SCD + CPR)
    Destination Clock Delay (DCD):    4.772ns = ( 14.772 - 10.000 ) 
    Source Clock Delay      (SCD):    5.071ns
    Clock Pessimism Removal (CPR):    0.258ns
  Clock Uncertainty:      0.035ns  ((TSJ^2 + TIJ^2)^1/2 + DJ) / 2 + PE
    Total System Jitter     (TSJ):    0.071ns
    Total Input Jitter      (TIJ):    0.000ns
    Discrete Jitter          (DJ):    0.000ns
    Phase Error              (PE):    0.000ns

    Location             Delay type                Incr(ns)  Path(ns)    Netlist Resource(s)
  -------------------------------------------------------------------    -------------------
                         (clock sys_clk_pin rise edge)
                                                      0.000     0.000 r  
    W5                                                0.000     0.000 r  clk (IN)
                         net (fo=0)                   0.000     0.000    clk
    W5                   IBUF (Prop_ibuf_I_O)         1.458     1.458 r  clk_IBUF_inst/O
                         net (fo=1, routed)           1.967     3.425    clk_IBUF
    BUFGCTRL_X0Y0        BUFG (Prop_bufg_I_O)         0.096     3.521 r  clk_IBUF_BUFG_inst/O
                         net (fo=668, routed)         1.550     5.071    clk_IBUF_BUFG
    SLICE_X42Y62         FDCE                                         r  sys_state_d1_reg[2]/C
  -------------------------------------------------------------------    -------------------
    SLICE_X42Y62         FDCE (Prop_fdce_C_Q)         0.518     5.589 f  sys_state_d1_reg[2]/Q
                         net (fo=2, routed)           1.011     6.600    u_buzz/note_idx_reg[0]_0[2]
    SLICE_X42Y63         LUT6 (Prop_lut6_I3_O)        0.124     6.724 r  u_buzz/note_idx[3]_i_3/O
                         net (fo=77, routed)          0.691     7.415    u_buzz/note_idx[3]_i_3_n_0
    SLICE_X44Y64         LUT6 (Prop_lut6_I1_O)        0.124     7.539 r  u_buzz/note_idx[3]_i_34/O
                         net (fo=3, routed)           0.306     7.845    u_buzz/note_idx[3]_i_34_n_0
    SLICE_X46Y64         LUT5 (Prop_lut5_I0_O)        0.124     7.969 r  u_buzz/note_idx[3]_i_37/O
                         net (fo=1, routed)           0.162     8.131    u_buzz/note_idx[3]_i_37_n_0
    SLICE_X46Y64         LUT6 (Prop_lut6_I0_O)        0.124     8.255 r  u_buzz/note_idx[3]_i_32/O
                         net (fo=3, routed)           0.391     8.646    u_buzz/note_idx[3]_i_32_n_0
    SLICE_X49Y64         LUT6 (Prop_lut6_I0_O)        0.124     8.770 r  u_buzz/note_idx[3]_i_23/O
                         net (fo=1, routed)           0.292     9.062    u_buzz/note_idx[3]_i_23_n_0
    SLICE_X49Y65         LUT6 (Prop_lut6_I5_O)        0.124     9.186 r  u_buzz/note_idx[3]_i_16/O
                         net (fo=13, routed)          0.565     9.751    u_buzz/note_idx[3]_i_16_n_0
    SLICE_X48Y64         LUT6 (Prop_lut6_I0_O)        0.124     9.875 r  u_buzz/note_idx[3]_i_21/O
                         net (fo=1, routed)           0.000     9.875    u_buzz/note_idx[3]_i_21_n_0
    SLICE_X48Y64         CARRY4 (Prop_carry4_S[1]_CO[3])
                                                      0.550    10.425 r  u_buzz/note_idx_reg[3]_i_11/CO[3]
                         net (fo=1, routed)           0.000    10.425    u_buzz/note_idx_reg[3]_i_11_n_0
    SLICE_X48Y65         CARRY4 (Prop_carry4_CI_CO[3])
                                                      0.114    10.539 r  u_buzz/note_idx_reg[3]_i_6/CO[3]
                         net (fo=1, routed)           0.000    10.539    u_buzz/note_idx_reg[3]_i_6_n_0
    SLICE_X48Y66         CARRY4 (Prop_carry4_CI_CO[3])
                                                      0.114    10.653 r  u_buzz/note_idx_reg[3]_i_5/CO[3]
                         net (fo=7, routed)           0.687    11.340    u_buzz/note_idx_reg[3]_i_5_n_0
    SLICE_X51Y66         LUT2 (Prop_lut2_I0_O)        0.124    11.464 f  u_buzz/buzz_i_2/O
                         net (fo=26, routed)          0.464    11.928    u_buzz/buzz_i_2_n_0
    SLICE_X50Y66         LUT5 (Prop_lut5_I0_O)        0.124    12.052 f  u_buzz/cur_div[17]_i_4/O
                         net (fo=14, routed)          0.247    12.299    u_buzz/cur_div[17]_i_4_n_0
    SLICE_X50Y66         LUT6 (Prop_lut6_I0_O)        0.124    12.423 f  u_buzz/cur_div[4]_i_2/O
                         net (fo=2, routed)           0.351    12.774    u_buzz/cur_div[4]_i_2_n_0
    SLICE_X51Y66         LUT6 (Prop_lut6_I5_O)        0.124    12.898 r  u_buzz/freq_cnt[18]_i_22/O
                         net (fo=3, routed)           0.834    13.732    u_buzz/freq_cnt[18]_i_22_n_0
    SLICE_X47Y66         LUT4 (Prop_lut4_I2_O)        0.124    13.856 r  u_buzz/freq_cnt[18]_i_42/O
                         net (fo=1, routed)           0.000    13.856    u_buzz/freq_cnt[18]_i_42_n_0
    SLICE_X47Y66         CARRY4 (Prop_carry4_S[2]_CO[3])
                                                      0.398    14.254 r  u_buzz/freq_cnt_reg[18]_i_23/CO[3]
                         net (fo=1, routed)           0.000    14.254    u_buzz/freq_cnt_reg[18]_i_23_n_0
    SLICE_X47Y67         CARRY4 (Prop_carry4_CI_CO[3])
                                                      0.114    14.368 r  u_buzz/freq_cnt_reg[18]_i_11/CO[3]
                         net (fo=1, routed)           0.000    14.368    u_buzz/freq_cnt_reg[18]_i_11_n_0
    SLICE_X47Y68         CARRY4 (Prop_carry4_CI_CO[1])
                                                      0.157    14.525 f  u_buzz/freq_cnt_reg[18]_i_5/CO[1]
                         net (fo=20, routed)          0.790    15.314    u_buzz/freq_cnt1
    SLICE_X52Y70         LUT4 (Prop_lut4_I3_O)        0.329    15.643 r  u_buzz/freq_cnt[1]_i_1/O
                         net (fo=1, routed)           0.000    15.643    u_buzz/freq_cnt[1]_i_1_n_0
    SLICE_X52Y70         FDCE                                         r  u_buzz/freq_cnt_reg[1]/D
  -------------------------------------------------------------------    -------------------

                         (clock sys_clk_pin rise edge)
                                                     10.000    10.000 r  
    W5                                                0.000    10.000 r  clk (IN)
                         net (fo=0)                   0.000    10.000    clk
    W5                   IBUF (Prop_ibuf_I_O)         1.388    11.388 r  clk_IBUF_inst/O
                         net (fo=1, routed)           1.862    13.250    clk_IBUF
    BUFGCTRL_X0Y0        BUFG (Prop_bufg_I_O)         0.091    13.341 r  clk_IBUF_BUFG_inst/O
                         net (fo=668, routed)         1.431    14.772    u_buzz/clk
    SLICE_X52Y70         FDCE                                         r  u_buzz/freq_cnt_reg[1]/C
                         clock pessimism              0.258    15.030    
                         clock uncertainty           -0.035    14.995    
    SLICE_X52Y70         FDCE (Setup_fdce_C_D)        0.077    15.072    u_buzz/freq_cnt_reg[1]
  -------------------------------------------------------------------
                         required time                         15.072    
                         arrival time                         -15.643    
  -------------------------------------------------------------------
                         slack                                 -0.572    

Slack (VIOLATED) :        -0.567ns  (required time - arrival time)
  Source:                 sys_state_d1_reg[2]/C
                            (rising edge-triggered cell FDCE clocked by sys_clk_pin  {rise@0.000ns fall@5.000ns period=10.000ns})
  Destination:            u_buzz/freq_cnt_reg[10]/D
                            (rising edge-triggered cell FDCE clocked by sys_clk_pin  {rise@0.000ns fall@5.000ns period=10.000ns})
  Path Group:             sys_clk_pin
  Path Type:              Setup (Max at Slow Process Corner)
  Requirement:            10.000ns  (sys_clk_pin rise@10.000ns - sys_clk_pin rise@0.000ns)
  Data Path Delay:        10.520ns  (logic 3.782ns (35.950%)  route 6.738ns (64.050%))
  Logic Levels:           19  (CARRY4=6 LUT2=1 LUT4=2 LUT5=2 LUT6=8)
  Clock Path Skew:        -0.042ns (DCD - SCD + CPR)
    Destination Clock Delay (DCD):    4.771ns = ( 14.771 - 10.000 ) 
    Source Clock Delay      (SCD):    5.071ns
    Clock Pessimism Removal (CPR):    0.258ns
  Clock Uncertainty:      0.035ns  ((TSJ^2 + TIJ^2)^1/2 + DJ) / 2 + PE
    Total System Jitter     (TSJ):    0.071ns
    Total Input Jitter      (TIJ):    0.000ns
    Discrete Jitter          (DJ):    0.000ns
    Phase Error              (PE):    0.000ns

    Location             Delay type                Incr(ns)  Path(ns)    Netlist Resource(s)
  -------------------------------------------------------------------    -------------------
                         (clock sys_clk_pin rise edge)
                                                      0.000     0.000 r  
    W5                                                0.000     0.000 r  clk (IN)
                         net (fo=0)                   0.000     0.000    clk
    W5                   IBUF (Prop_ibuf_I_O)         1.458     1.458 r  clk_IBUF_inst/O
                         net (fo=1, routed)           1.967     3.425    clk_IBUF
    BUFGCTRL_X0Y0        BUFG (Prop_bufg_I_O)         0.096     3.521 r  clk_IBUF_BUFG_inst/O
                         net (fo=668, routed)         1.550     5.071    clk_IBUF_BUFG
    SLICE_X42Y62         FDCE                                         r  sys_state_d1_reg[2]/C
  -------------------------------------------------------------------    -------------------
    SLICE_X42Y62         FDCE (Prop_fdce_C_Q)         0.518     5.589 f  sys_state_d1_reg[2]/Q
                         net (fo=2, routed)           1.011     6.600    u_buzz/note_idx_reg[0]_0[2]
    SLICE_X42Y63         LUT6 (Prop_lut6_I3_O)        0.124     6.724 r  u_buzz/note_idx[3]_i_3/O
                         net (fo=77, routed)          0.691     7.415    u_buzz/note_idx[3]_i_3_n_0
    SLICE_X44Y64         LUT6 (Prop_lut6_I1_O)        0.124     7.539 r  u_buzz/note_idx[3]_i_34/O
                         net (fo=3, routed)           0.306     7.845    u_buzz/note_idx[3]_i_34_n_0
    SLICE_X46Y64         LUT5 (Prop_lut5_I0_O)        0.124     7.969 r  u_buzz/note_idx[3]_i_37/O
                         net (fo=1, routed)           0.162     8.131    u_buzz/note_idx[3]_i_37_n_0
    SLICE_X46Y64         LUT6 (Prop_lut6_I0_O)        0.124     8.255 r  u_buzz/note_idx[3]_i_32/O
                         net (fo=3, routed)           0.391     8.646    u_buzz/note_idx[3]_i_32_n_0
    SLICE_X49Y64         LUT6 (Prop_lut6_I0_O)        0.124     8.770 r  u_buzz/note_idx[3]_i_23/O
                         net (fo=1, routed)           0.292     9.062    u_buzz/note_idx[3]_i_23_n_0
    SLICE_X49Y65         LUT6 (Prop_lut6_I5_O)        0.124     9.186 r  u_buzz/note_idx[3]_i_16/O
                         net (fo=13, routed)          0.565     9.751    u_buzz/note_idx[3]_i_16_n_0
    SLICE_X48Y64         LUT6 (Prop_lut6_I0_O)        0.124     9.875 r  u_buzz/note_idx[3]_i_21/O
                         net (fo=1, routed)           0.000     9.875    u_buzz/note_idx[3]_i_21_n_0
    SLICE_X48Y64         CARRY4 (Prop_carry4_S[1]_CO[3])
                                                      0.550    10.425 r  u_buzz/note_idx_reg[3]_i_11/CO[3]
                         net (fo=1, routed)           0.000    10.425    u_buzz/note_idx_reg[3]_i_11_n_0
    SLICE_X48Y65         CARRY4 (Prop_carry4_CI_CO[3])
                                                      0.114    10.539 r  u_buzz/note_idx_reg[3]_i_6/CO[3]
                         net (fo=1, routed)           0.000    10.539    u_buzz/note_idx_reg[3]_i_6_n_0
    SLICE_X48Y66         CARRY4 (Prop_carry4_CI_CO[3])
                                                      0.114    10.653 r  u_buzz/note_idx_reg[3]_i_5/CO[3]
                         net (fo=7, routed)           0.687    11.340    u_buzz/note_idx_reg[3]_i_5_n_0
    SLICE_X51Y66         LUT2 (Prop_lut2_I0_O)        0.124    11.464 f  u_buzz/buzz_i_2/O
                         net (fo=26, routed)          0.464    11.928    u_buzz/buzz_i_2_n_0
    SLICE_X50Y66         LUT5 (Prop_lut5_I0_O)        0.124    12.052 f  u_buzz/cur_div[17]_i_4/O
                         net (fo=14, routed)          0.247    12.299    u_buzz/cur_div[17]_i_4_n_0
    SLICE_X50Y66         LUT6 (Prop_lut6_I0_O)        0.124    12.423 f  u_buzz/cur_div[4]_i_2/O
                         net (fo=2, routed)           0.351    12.774    u_buzz/cur_div[4]_i_2_n_0
    SLICE_X51Y66         LUT6 (Prop_lut6_I5_O)        0.124    12.898 r  u_buzz/freq_cnt[18]_i_22/O
                         net (fo=3, routed)           0.834    13.732    u_buzz/freq_cnt[18]_i_22_n_0
    SLICE_X47Y66         LUT4 (Prop_lut4_I2_O)        0.124    13.856 r  u_buzz/freq_cnt[18]_i_42/O
                         net (fo=1, routed)           0.000    13.856    u_buzz/freq_cnt[18]_i_42_n_0
    SLICE_X47Y66         CARRY4 (Prop_carry4_S[2]_CO[3])
                                                      0.398    14.254 r  u_buzz/freq_cnt_reg[18]_i_23/CO[3]
                         net (fo=1, routed)           0.000    14.254    u_buzz/freq_cnt_reg[18]_i_23_n_0
    SLICE_X47Y67         CARRY4 (Prop_carry4_CI_CO[3])
                                                      0.114    14.368 r  u_buzz/freq_cnt_reg[18]_i_11/CO[3]
                         net (fo=1, routed)           0.000    14.368    u_buzz/freq_cnt_reg[18]_i_11_n_0
    SLICE_X47Y68         CARRY4 (Prop_carry4_CI_CO[1])
                                                      0.157    14.525 f  u_buzz/freq_cnt_reg[18]_i_5/CO[1]
                         net (fo=20, routed)          0.737    15.262    u_buzz/freq_cnt1
    SLICE_X49Y70         LUT4 (Prop_lut4_I3_O)        0.329    15.591 r  u_buzz/freq_cnt[10]_i_1/O
                         net (fo=1, routed)           0.000    15.591    u_buzz/freq_cnt[10]_i_1_n_0
    SLICE_X49Y70         FDCE                                         r  u_buzz/freq_cnt_reg[10]/D
  -------------------------------------------------------------------    -------------------

                         (clock sys_clk_pin rise edge)
                                                     10.000    10.000 r  
    W5                                                0.000    10.000 r  clk (IN)
                         net (fo=0)                   0.000    10.000    clk
    W5                   IBUF (Prop_ibuf_I_O)         1.388    11.388 r  clk_IBUF_inst/O
                         net (fo=1, routed)           1.862    13.250    clk_IBUF
    BUFGCTRL_X0Y0        BUFG (Prop_bufg_I_O)         0.091    13.341 r  clk_IBUF_BUFG_inst/O
                         net (fo=668, routed)         1.430    14.771    u_buzz/clk
    SLICE_X49Y70         FDCE                                         r  u_buzz/freq_cnt_reg[10]/C
                         clock pessimism              0.258    15.029    
                         clock uncertainty           -0.035    14.994    
    SLICE_X49Y70         FDCE (Setup_fdce_C_D)        0.031    15.025    u_buzz/freq_cnt_reg[10]
  -------------------------------------------------------------------
                         required time                         15.025    
                         arrival time                         -15.591    
  -------------------------------------------------------------------
                         slack                                 -0.567    

Slack (VIOLATED) :        -0.564ns  (required time - arrival time)
  Source:                 sys_state_d1_reg[2]/C
                            (rising edge-triggered cell FDCE clocked by sys_clk_pin  {rise@0.000ns fall@5.000ns period=10.000ns})
  Destination:            u_buzz/freq_cnt_reg[11]/D
                            (rising edge-triggered cell FDCE clocked by sys_clk_pin  {rise@0.000ns fall@5.000ns period=10.000ns})
  Path Group:             sys_clk_pin
  Path Type:              Setup (Max at Slow Process Corner)
  Requirement:            10.000ns  (sys_clk_pin rise@10.000ns - sys_clk_pin rise@0.000ns)
  Data Path Delay:        10.568ns  (logic 3.782ns (35.786%)  route 6.786ns (64.213%))
  Logic Levels:           19  (CARRY4=6 LUT2=1 LUT4=2 LUT5=2 LUT6=8)
  Clock Path Skew:        -0.041ns (DCD - SCD + CPR)
    Destination Clock Delay (DCD):    4.772ns = ( 14.772 - 10.000 ) 
    Source Clock Delay      (SCD):    5.071ns
    Clock Pessimism Removal (CPR):    0.258ns
  Clock Uncertainty:      0.035ns  ((TSJ^2 + TIJ^2)^1/2 + DJ) / 2 + PE
    Total System Jitter     (TSJ):    0.071ns
    Total Input Jitter      (TIJ):    0.000ns
    Discrete Jitter          (DJ):    0.000ns
    Phase Error              (PE):    0.000ns

    Location             Delay type                Incr(ns)  Path(ns)    Netlist Resource(s)
  -------------------------------------------------------------------    -------------------
                         (clock sys_clk_pin rise edge)
                                                      0.000     0.000 r  
    W5                                                0.000     0.000 r  clk (IN)
                         net (fo=0)                   0.000     0.000    clk
    W5                   IBUF (Prop_ibuf_I_O)         1.458     1.458 r  clk_IBUF_inst/O
                         net (fo=1, routed)           1.967     3.425    clk_IBUF
    BUFGCTRL_X0Y0        BUFG (Prop_bufg_I_O)         0.096     3.521 r  clk_IBUF_BUFG_inst/O
                         net (fo=668, routed)         1.550     5.071    clk_IBUF_BUFG
    SLICE_X42Y62         FDCE                                         r  sys_state_d1_reg[2]/C
  -------------------------------------------------------------------    -------------------
    SLICE_X42Y62         FDCE (Prop_fdce_C_Q)         0.518     5.589 f  sys_state_d1_reg[2]/Q
                         net (fo=2, routed)           1.011     6.600    u_buzz/note_idx_reg[0]_0[2]
    SLICE_X42Y63         LUT6 (Prop_lut6_I3_O)        0.124     6.724 r  u_buzz/note_idx[3]_i_3/O
                         net (fo=77, routed)          0.691     7.415    u_buzz/note_idx[3]_i_3_n_0
    SLICE_X44Y64         LUT6 (Prop_lut6_I1_O)        0.124     7.539 r  u_buzz/note_idx[3]_i_34/O
                         net (fo=3, routed)           0.306     7.845    u_buzz/note_idx[3]_i_34_n_0
    SLICE_X46Y64         LUT5 (Prop_lut5_I0_O)        0.124     7.969 r  u_buzz/note_idx[3]_i_37/O
                         net (fo=1, routed)           0.162     8.131    u_buzz/note_idx[3]_i_37_n_0
    SLICE_X46Y64         LUT6 (Prop_lut6_I0_O)        0.124     8.255 r  u_buzz/note_idx[3]_i_32/O
                         net (fo=3, routed)           0.391     8.646    u_buzz/note_idx[3]_i_32_n_0
    SLICE_X49Y64         LUT6 (Prop_lut6_I0_O)        0.124     8.770 r  u_buzz/note_idx[3]_i_23/O
                         net (fo=1, routed)           0.292     9.062    u_buzz/note_idx[3]_i_23_n_0
    SLICE_X49Y65         LUT6 (Prop_lut6_I5_O)        0.124     9.186 r  u_buzz/note_idx[3]_i_16/O
                         net (fo=13, routed)          0.565     9.751    u_buzz/note_idx[3]_i_16_n_0
    SLICE_X48Y64         LUT6 (Prop_lut6_I0_O)        0.124     9.875 r  u_buzz/note_idx[3]_i_21/O
                         net (fo=1, routed)           0.000     9.875    u_buzz/note_idx[3]_i_21_n_0
    SLICE_X48Y64         CARRY4 (Prop_carry4_S[1]_CO[3])
                                                      0.550    10.425 r  u_buzz/note_idx_reg[3]_i_11/CO[3]
                         net (fo=1, routed)           0.000    10.425    u_buzz/note_idx_reg[3]_i_11_n_0
    SLICE_X48Y65         CARRY4 (Prop_carry4_CI_CO[3])
                                                      0.114    10.539 r  u_buzz/note_idx_reg[3]_i_6/CO[3]
                         net (fo=1, routed)           0.000    10.539    u_buzz/note_idx_reg[3]_i_6_n_0
    SLICE_X48Y66         CARRY4 (Prop_carry4_CI_CO[3])
                                                      0.114    10.653 r  u_buzz/note_idx_reg[3]_i_5/CO[3]
                         net (fo=7, routed)           0.687    11.340    u_buzz/note_idx_reg[3]_i_5_n_0
    SLICE_X51Y66         LUT2 (Prop_lut2_I0_O)        0.124    11.464 f  u_buzz/buzz_i_2/O
                         net (fo=26, routed)          0.464    11.928    u_buzz/buzz_i_2_n_0
    SLICE_X50Y66         LUT5 (Prop_lut5_I0_O)        0.124    12.052 f  u_buzz/cur_div[17]_i_4/O
                         net (fo=14, routed)          0.247    12.299    u_buzz/cur_div[17]_i_4_n_0
    SLICE_X50Y66         LUT6 (Prop_lut6_I0_O)        0.124    12.423 f  u_buzz/cur_div[4]_i_2/O
                         net (fo=2, routed)           0.351    12.774    u_buzz/cur_div[4]_i_2_n_0
    SLICE_X51Y66         LUT6 (Prop_lut6_I5_O)        0.124    12.898 r  u_buzz/freq_cnt[18]_i_22/O
                         net (fo=3, routed)           0.834    13.732    u_buzz/freq_cnt[18]_i_22_n_0
    SLICE_X47Y66         LUT4 (Prop_lut4_I2_O)        0.124    13.856 r  u_buzz/freq_cnt[18]_i_42/O
                         net (fo=1, routed)           0.000    13.856    u_buzz/freq_cnt[18]_i_42_n_0
    SLICE_X47Y66         CARRY4 (Prop_carry4_S[2]_CO[3])
                                                      0.398    14.254 r  u_buzz/freq_cnt_reg[18]_i_23/CO[3]
                         net (fo=1, routed)           0.000    14.254    u_buzz/freq_cnt_reg[18]_i_23_n_0
    SLICE_X47Y67         CARRY4 (Prop_carry4_CI_CO[3])
                                                      0.114    14.368 r  u_buzz/freq_cnt_reg[18]_i_11/CO[3]
                         net (fo=1, routed)           0.000    14.368    u_buzz/freq_cnt_reg[18]_i_11_n_0
    SLICE_X47Y68         CARRY4 (Prop_carry4_CI_CO[1])
                                                      0.157    14.525 f  u_buzz/freq_cnt_reg[18]_i_5/CO[1]
                         net (fo=20, routed)          0.785    15.310    u_buzz/freq_cnt1
    SLICE_X50Y69         LUT4 (Prop_lut4_I3_O)        0.329    15.639 r  u_buzz/freq_cnt[11]_i_1/O
                         net (fo=1, routed)           0.000    15.639    u_buzz/freq_cnt[11]_i_1_n_0
    SLICE_X50Y69         FDCE                                         r  u_buzz/freq_cnt_reg[11]/D
  -------------------------------------------------------------------    -------------------

                         (clock sys_clk_pin rise edge)
                                                     10.000    10.000 r  
    W5                                                0.000    10.000 r  clk (IN)
                         net (fo=0)                   0.000    10.000    clk
    W5                   IBUF (Prop_ibuf_I_O)         1.388    11.388 r  clk_IBUF_inst/O
                         net (fo=1, routed)           1.862    13.250    clk_IBUF
    BUFGCTRL_X0Y0        BUFG (Prop_bufg_I_O)         0.091    13.341 r  clk_IBUF_BUFG_inst/O
                         net (fo=668, routed)         1.431    14.772    u_buzz/clk
    SLICE_X50Y69         FDCE                                         r  u_buzz/freq_cnt_reg[11]/C
                         clock pessimism              0.258    15.030    
                         clock uncertainty           -0.035    14.995    
    SLICE_X50Y69         FDCE (Setup_fdce_C_D)        0.081    15.076    u_buzz/freq_cnt_reg[11]
  -------------------------------------------------------------------
                         required time                         15.076    
                         arrival time                         -15.639    
  -------------------------------------------------------------------
                         slack                                 -0.564    





Min Delay Paths
--------------------------------------------------------------------------------------
Slack (MET) :             0.033ns  (arrival time - required time)
  Source:                 gen_debouncer[3].gen_debouncer_stage[13].db/buffers_reg[0]/C
                            (rising edge-triggered cell FDCE clocked by sys_clk_pin  {rise@0.000ns fall@5.000ns period=10.000ns})
  Destination:            gen_debouncer[3].gen_debouncer_stage[13].db/buffers_reg[1]/D
                            (rising edge-triggered cell FDCE clocked by sys_clk_pin  {rise@0.000ns fall@5.000ns period=10.000ns})
  Path Group:             sys_clk_pin
  Path Type:              Hold (Min at Fast Process Corner)
  Requirement:            0.000ns  (sys_clk_pin rise@0.000ns - sys_clk_pin rise@0.000ns)
  Data Path Delay:        0.309ns  (logic 0.128ns (41.434%)  route 0.181ns (58.566%))
  Logic Levels:           0  
  Clock Path Skew:        0.269ns (DCD - SCD - CPR)
    Destination Clock Delay (DCD):    1.963ns
    Source Clock Delay      (SCD):    1.450ns
    Clock Pessimism Removal (CPR):    0.244ns

    Location             Delay type                Incr(ns)  Path(ns)    Netlist Resource(s)
  -------------------------------------------------------------------    -------------------
                         (clock sys_clk_pin rise edge)
                                                      0.000     0.000 r  
    W5                                                0.000     0.000 r  clk (IN)
                         net (fo=0)                   0.000     0.000    clk
    W5                   IBUF (Prop_ibuf_I_O)         0.226     0.226 r  clk_IBUF_inst/O
                         net (fo=1, routed)           0.631     0.858    clk_IBUF
    BUFGCTRL_X0Y0        BUFG (Prop_bufg_I_O)         0.026     0.884 r  clk_IBUF_BUFG_inst/O
                         net (fo=668, routed)         0.567     1.450    gen_debouncer[3].gen_debouncer_stage[13].db/clk
    SLICE_X51Y49         FDCE                                         r  gen_debouncer[3].gen_debouncer_stage[13].db/buffers_reg[0]/C
  -------------------------------------------------------------------    -------------------
    SLICE_X51Y49         FDCE (Prop_fdce_C_Q)         0.128     1.578 r  gen_debouncer[3].gen_debouncer_stage[13].db/buffers_reg[0]/Q
                         net (fo=1, routed)           0.181     1.759    gen_debouncer[3].gen_debouncer_stage[13].db/buffers_reg_n_0_[0]
    SLICE_X54Y50         FDCE                                         r  gen_debouncer[3].gen_debouncer_stage[13].db/buffers_reg[1]/D
  -------------------------------------------------------------------    -------------------

                         (clock sys_clk_pin rise edge)
                                                      0.000     0.000 r  
    W5                                                0.000     0.000 r  clk (IN)
                         net (fo=0)                   0.000     0.000    clk
    W5                   IBUF (Prop_ibuf_I_O)         0.414     0.414 r  clk_IBUF_inst/O
                         net (fo=1, routed)           0.685     1.099    clk_IBUF
    BUFGCTRL_X0Y0        BUFG (Prop_bufg_I_O)         0.029     1.128 r  clk_IBUF_BUFG_inst/O
                         net (fo=668, routed)         0.835     1.963    gen_debouncer[3].gen_debouncer_stage[13].db/clk
    SLICE_X54Y50         FDCE                                         r  gen_debouncer[3].gen_debouncer_stage[13].db/buffers_reg[1]/C
                         clock pessimism             -0.244     1.719    
    SLICE_X54Y50         FDCE (Hold_fdce_C_D)         0.007     1.726    gen_debouncer[3].gen_debouncer_stage[13].db/buffers_reg[1]
  -------------------------------------------------------------------
                         required time                         -1.726    
                         arrival time                           1.759    
  -------------------------------------------------------------------
                         slack                                  0.033    

Slack (MET) :             0.049ns  (arrival time - required time)
  Source:                 gen_debouncer[2].gen_debouncer_stage[13].db/buffers_reg[0]/C
                            (rising edge-triggered cell FDCE clocked by sys_clk_pin  {rise@0.000ns fall@5.000ns period=10.000ns})
  Destination:            gen_debouncer[2].gen_debouncer_stage[13].db/buffers_reg[1]/D
                            (rising edge-triggered cell FDCE clocked by sys_clk_pin  {rise@0.000ns fall@5.000ns period=10.000ns})
  Path Group:             sys_clk_pin
  Path Type:              Hold (Min at Fast Process Corner)
  Requirement:            0.000ns  (sys_clk_pin rise@0.000ns - sys_clk_pin rise@0.000ns)
  Data Path Delay:        0.325ns  (logic 0.128ns (39.418%)  route 0.197ns (60.582%))
  Logic Levels:           0  
  Clock Path Skew:        0.269ns (DCD - SCD - CPR)
    Destination Clock Delay (DCD):    1.963ns
    Source Clock Delay      (SCD):    1.450ns
    Clock Pessimism Removal (CPR):    0.244ns

    Location             Delay type                Incr(ns)  Path(ns)    Netlist Resource(s)
  -------------------------------------------------------------------    -------------------
                         (clock sys_clk_pin rise edge)
                                                      0.000     0.000 r  
    W5                                                0.000     0.000 r  clk (IN)
                         net (fo=0)                   0.000     0.000    clk
    W5                   IBUF (Prop_ibuf_I_O)         0.226     0.226 r  clk_IBUF_inst/O
                         net (fo=1, routed)           0.631     0.858    clk_IBUF
    BUFGCTRL_X0Y0        BUFG (Prop_bufg_I_O)         0.026     0.884 r  clk_IBUF_BUFG_inst/O
                         net (fo=668, routed)         0.567     1.450    gen_debouncer[2].gen_debouncer_stage[13].db/clk
    SLICE_X53Y49         FDCE                                         r  gen_debouncer[2].gen_debouncer_stage[13].db/buffers_reg[0]/C
  -------------------------------------------------------------------    -------------------
    SLICE_X53Y49         FDCE (Prop_fdce_C_Q)         0.128     1.578 r  gen_debouncer[2].gen_debouncer_stage[13].db/buffers_reg[0]/Q
                         net (fo=1, routed)           0.197     1.775    gen_debouncer[2].gen_debouncer_stage[13].db/buffers_reg_n_0_[0]
    SLICE_X54Y51         FDCE                                         r  gen_debouncer[2].gen_debouncer_stage[13].db/buffers_reg[1]/D
  -------------------------------------------------------------------    -------------------

                         (clock sys_clk_pin rise edge)
                                                      0.000     0.000 r  
    W5                                                0.000     0.000 r  clk (IN)
                         net (fo=0)                   0.000     0.000    clk
    W5                   IBUF (Prop_ibuf_I_O)         0.414     0.414 r  clk_IBUF_inst/O
                         net (fo=1, routed)           0.685     1.099    clk_IBUF
    BUFGCTRL_X0Y0        BUFG (Prop_bufg_I_O)         0.029     1.128 r  clk_IBUF_BUFG_inst/O
                         net (fo=668, routed)         0.835     1.963    gen_debouncer[2].gen_debouncer_stage[13].db/clk
    SLICE_X54Y51         FDCE                                         r  gen_debouncer[2].gen_debouncer_stage[13].db/buffers_reg[1]/C
                         clock pessimism             -0.244     1.719    
    SLICE_X54Y51         FDCE (Hold_fdce_C_D)         0.007     1.726    gen_debouncer[2].gen_debouncer_stage[13].db/buffers_reg[1]
  -------------------------------------------------------------------
                         required time                         -1.726    
                         arrival time                           1.775    
  -------------------------------------------------------------------
                         slack                                  0.049    

Slack (MET) :             0.076ns  (arrival time - required time)
  Source:                 history_reg[4][5]/C
                            (rising edge-triggered cell FDCE clocked by sys_clk_pin  {rise@0.000ns fall@5.000ns period=10.000ns})
  Destination:            history_reg[5][5]/D
                            (rising edge-triggered cell FDCE clocked by sys_clk_pin  {rise@0.000ns fall@5.000ns period=10.000ns})
  Path Group:             sys_clk_pin
  Path Type:              Hold (Min at Fast Process Corner)
  Requirement:            0.000ns  (sys_clk_pin rise@0.000ns - sys_clk_pin rise@0.000ns)
  Data Path Delay:        0.464ns  (logic 0.247ns (53.239%)  route 0.217ns (46.761%))
  Logic Levels:           1  (LUT3=1)
  Clock Path Skew:        0.268ns (DCD - SCD - CPR)
    Destination Clock Delay (DCD):    1.960ns
    Source Clock Delay      (SCD):    1.448ns
    Clock Pessimism Removal (CPR):    0.244ns

    Location             Delay type                Incr(ns)  Path(ns)    Netlist Resource(s)
  -------------------------------------------------------------------    -------------------
                         (clock sys_clk_pin rise edge)
                                                      0.000     0.000 r  
    W5                                                0.000     0.000 r  clk (IN)
                         net (fo=0)                   0.000     0.000    clk
    W5                   IBUF (Prop_ibuf_I_O)         0.226     0.226 r  clk_IBUF_inst/O
                         net (fo=1, routed)           0.631     0.858    clk_IBUF
    BUFGCTRL_X0Y0        BUFG (Prop_bufg_I_O)         0.026     0.884 r  clk_IBUF_BUFG_inst/O
                         net (fo=668, routed)         0.565     1.448    clk_IBUF_BUFG
    SLICE_X46Y49         FDCE                                         r  history_reg[4][5]/C
  -------------------------------------------------------------------    -------------------
    SLICE_X46Y49         FDCE (Prop_fdce_C_Q)         0.148     1.596 r  history_reg[4][5]/Q
                         net (fo=2, routed)           0.217     1.813    ms_counter/history_reg[5][12][5]
    SLICE_X46Y50         LUT3 (Prop_lut3_I2_O)        0.099     1.912 r  ms_counter/history[5][5]_i_1/O
                         net (fo=1, routed)           0.000     1.912    ms_counter_n_62
    SLICE_X46Y50         FDCE                                         r  history_reg[5][5]/D
  -------------------------------------------------------------------    -------------------

                         (clock sys_clk_pin rise edge)
                                                      0.000     0.000 r  
    W5                                                0.000     0.000 r  clk (IN)
                         net (fo=0)                   0.000     0.000    clk
    W5                   IBUF (Prop_ibuf_I_O)         0.414     0.414 r  clk_IBUF_inst/O
                         net (fo=1, routed)           0.685     1.099    clk_IBUF
    BUFGCTRL_X0Y0        BUFG (Prop_bufg_I_O)         0.029     1.128 r  clk_IBUF_BUFG_inst/O
                         net (fo=668, routed)         0.833     1.960    clk_IBUF_BUFG
    SLICE_X46Y50         FDCE                                         r  history_reg[5][5]/C
                         clock pessimism             -0.244     1.716    
    SLICE_X46Y50         FDCE (Hold_fdce_C_D)         0.120     1.836    history_reg[5][5]
  -------------------------------------------------------------------
                         required time                         -1.836    
                         arrival time                           1.912    
  -------------------------------------------------------------------
                         slack                                  0.076    

Slack (MET) :             0.117ns  (arrival time - required time)
  Source:                 gen_debouncer[3].gen_debouncer_stage[3].db/buffers_reg[2]/C
                            (rising edge-triggered cell FDCE clocked by sys_clk_pin  {rise@0.000ns fall@5.000ns period=10.000ns})
  Destination:            gen_debouncer[3].gen_debouncer_stage[3].db/ss_reg[0]/D
                            (rising edge-triggered cell FDRE clocked by sys_clk_pin  {rise@0.000ns fall@5.000ns period=10.000ns})
  Path Group:             sys_clk_pin
  Path Type:              Hold (Min at Fast Process Corner)
  Requirement:            0.000ns  (sys_clk_pin rise@0.000ns - sys_clk_pin rise@0.000ns)
  Data Path Delay:        0.251ns  (logic 0.186ns (74.103%)  route 0.065ns (25.897%))
  Logic Levels:           1  (LUT4=1)
  Clock Path Skew:        0.013ns (DCD - SCD - CPR)
    Destination Clock Delay (DCD):    1.964ns
    Source Clock Delay      (SCD):    1.449ns
    Clock Pessimism Removal (CPR):    0.502ns

    Location             Delay type                Incr(ns)  Path(ns)    Netlist Resource(s)
  -------------------------------------------------------------------    -------------------
                         (clock sys_clk_pin rise edge)
                                                      0.000     0.000 r  
    W5                                                0.000     0.000 r  clk (IN)
                         net (fo=0)                   0.000     0.000    clk
    W5                   IBUF (Prop_ibuf_I_O)         0.226     0.226 r  clk_IBUF_inst/O
                         net (fo=1, routed)           0.631     0.858    clk_IBUF
    BUFGCTRL_X0Y0        BUFG (Prop_bufg_I_O)         0.026     0.884 r  clk_IBUF_BUFG_inst/O
                         net (fo=668, routed)         0.566     1.449    gen_debouncer[3].gen_debouncer_stage[3].db/clk
    SLICE_X53Y43         FDCE                                         r  gen_debouncer[3].gen_debouncer_stage[3].db/buffers_reg[2]/C
  -------------------------------------------------------------------    -------------------
    SLICE_X53Y43         FDCE (Prop_fdce_C_Q)         0.141     1.590 f  gen_debouncer[3].gen_debouncer_stage[3].db/buffers_reg[2]/Q
                         net (fo=2, routed)           0.065     1.655    gen_debouncer[3].gen_debouncer_stage[3].db/p_0_in[1]
    SLICE_X52Y43         LUT4 (Prop_lut4_I0_O)        0.045     1.700 r  gen_debouncer[3].gen_debouncer_stage[3].db/ss[0]_i_1__50/O
                         net (fo=1, routed)           0.000     1.700    gen_debouncer[3].gen_debouncer_stage[3].db/ss[0]_i_1__50_n_0
    SLICE_X52Y43         FDRE                                         r  gen_debouncer[3].gen_debouncer_stage[3].db/ss_reg[0]/D
  -------------------------------------------------------------------    -------------------

                         (clock sys_clk_pin rise edge)
                                                      0.000     0.000 r  
    W5                                                0.000     0.000 r  clk (IN)
                         net (fo=0)                   0.000     0.000    clk
    W5                   IBUF (Prop_ibuf_I_O)         0.414     0.414 r  clk_IBUF_inst/O
                         net (fo=1, routed)           0.685     1.099    clk_IBUF
    BUFGCTRL_X0Y0        BUFG (Prop_bufg_I_O)         0.029     1.128 r  clk_IBUF_BUFG_inst/O
                         net (fo=668, routed)         0.837     1.964    gen_debouncer[3].gen_debouncer_stage[3].db/clk
    SLICE_X52Y43         FDRE                                         r  gen_debouncer[3].gen_debouncer_stage[3].db/ss_reg[0]/C
                         clock pessimism             -0.502     1.462    
    SLICE_X52Y43         FDRE (Hold_fdre_C_D)         0.121     1.583    gen_debouncer[3].gen_debouncer_stage[3].db/ss_reg[0]
  -------------------------------------------------------------------
                         required time                         -1.583    
                         arrival time                           1.700    
  -------------------------------------------------------------------
                         slack                                  0.117    

Slack (MET) :             0.118ns  (arrival time - required time)
  Source:                 gen_debouncer[1].gen_debouncer_stage[13].db/buffers_reg[1]/C
                            (rising edge-triggered cell FDCE clocked by sys_clk_pin  {rise@0.000ns fall@5.000ns period=10.000ns})
  Destination:            gen_debouncer[1].gen_debouncer_stage[13].db/debounced_output_reg/D
                            (rising edge-triggered cell FDCE clocked by sys_clk_pin  {rise@0.000ns fall@5.000ns period=10.000ns})
  Path Group:             sys_clk_pin
  Path Type:              Hold (Min at Fast Process Corner)
  Requirement:            0.000ns  (sys_clk_pin rise@0.000ns - sys_clk_pin rise@0.000ns)
  Data Path Delay:        0.252ns  (logic 0.186ns (73.740%)  route 0.066ns (26.260%))
  Logic Levels:           1  (LUT4=1)
  Clock Path Skew:        0.013ns (DCD - SCD - CPR)
    Destination Clock Delay (DCD):    1.963ns
    Source Clock Delay      (SCD):    1.448ns
    Clock Pessimism Removal (CPR):    0.502ns

    Location             Delay type                Incr(ns)  Path(ns)    Netlist Resource(s)
  -------------------------------------------------------------------    -------------------
                         (clock sys_clk_pin rise edge)
                                                      0.000     0.000 r  
    W5                                                0.000     0.000 r  clk (IN)
                         net (fo=0)                   0.000     0.000    clk
    W5                   IBUF (Prop_ibuf_I_O)         0.226     0.226 r  clk_IBUF_inst/O
                         net (fo=1, routed)           0.631     0.858    clk_IBUF
    BUFGCTRL_X0Y0        BUFG (Prop_bufg_I_O)         0.026     0.884 r  clk_IBUF_BUFG_inst/O
                         net (fo=668, routed)         0.565     1.448    gen_debouncer[1].gen_debouncer_stage[13].db/clk
    SLICE_X53Y51         FDCE                                         r  gen_debouncer[1].gen_debouncer_stage[13].db/buffers_reg[1]/C
  -------------------------------------------------------------------    -------------------
    SLICE_X53Y51         FDCE (Prop_fdce_C_Q)         0.141     1.589 r  gen_debouncer[1].gen_debouncer_stage[13].db/buffers_reg[1]/Q
                         net (fo=3, routed)           0.066     1.655    gen_debouncer[1].gen_debouncer_stage[13].db/p_0_in[0]
    SLICE_X52Y51         LUT4 (Prop_lut4_I3_O)        0.045     1.700 r  gen_debouncer[1].gen_debouncer_stage[13].db/debounced_output_i_1__28/O
                         net (fo=1, routed)           0.000     1.700    gen_debouncer[1].gen_debouncer_stage[13].db/debounced_output_i_1__28_n_0
    SLICE_X52Y51         FDCE                                         r  gen_debouncer[1].gen_debouncer_stage[13].db/debounced_output_reg/D
  -------------------------------------------------------------------    -------------------

                         (clock sys_clk_pin rise edge)
                                                      0.000     0.000 r  
    W5                                                0.000     0.000 r  clk (IN)
                         net (fo=0)                   0.000     0.000    clk
    W5                   IBUF (Prop_ibuf_I_O)         0.414     0.414 r  clk_IBUF_inst/O
                         net (fo=1, routed)           0.685     1.099    clk_IBUF
    BUFGCTRL_X0Y0        BUFG (Prop_bufg_I_O)         0.029     1.128 r  clk_IBUF_BUFG_inst/O
                         net (fo=668, routed)         0.835     1.963    gen_debouncer[1].gen_debouncer_stage[13].db/clk
    SLICE_X52Y51         FDCE                                         r  gen_debouncer[1].gen_debouncer_stage[13].db/debounced_output_reg/C
                         clock pessimism             -0.502     1.461    
    SLICE_X52Y51         FDCE (Hold_fdce_C_D)         0.121     1.582    gen_debouncer[1].gen_debouncer_stage[13].db/debounced_output_reg
  -------------------------------------------------------------------
                         required time                         -1.582    
                         arrival time                           1.700    
  -------------------------------------------------------------------
                         slack                                  0.118    

Slack (MET) :             0.121ns  (arrival time - required time)
  Source:                 gen_debouncer[1].gen_debouncer_stage[1].db/buffers_reg[2]/C
                            (rising edge-triggered cell FDCE clocked by sys_clk_pin  {rise@0.000ns fall@5.000ns period=10.000ns})
  Destination:            gen_debouncer[1].gen_debouncer_stage[1].db/debounced_output_reg/D
                            (rising edge-triggered cell FDCE clocked by sys_clk_pin  {rise@0.000ns fall@5.000ns period=10.000ns})
  Path Group:             sys_clk_pin
  Path Type:              Hold (Min at Fast Process Corner)
  Requirement:            0.000ns  (sys_clk_pin rise@0.000ns - sys_clk_pin rise@0.000ns)
  Data Path Delay:        0.254ns  (logic 0.186ns (73.160%)  route 0.068ns (26.840%))
  Logic Levels:           1  (LUT4=1)
  Clock Path Skew:        0.013ns (DCD - SCD - CPR)
    Destination Clock Delay (DCD):    1.964ns
    Source Clock Delay      (SCD):    1.449ns
    Clock Pessimism Removal (CPR):    0.502ns

    Location             Delay type                Incr(ns)  Path(ns)    Netlist Resource(s)
  -------------------------------------------------------------------    -------------------
                         (clock sys_clk_pin rise edge)
                                                      0.000     0.000 r  
    W5                                                0.000     0.000 r  clk (IN)
                         net (fo=0)                   0.000     0.000    clk
    W5                   IBUF (Prop_ibuf_I_O)         0.226     0.226 r  clk_IBUF_inst/O
                         net (fo=1, routed)           0.631     0.858    clk_IBUF
    BUFGCTRL_X0Y0        BUFG (Prop_bufg_I_O)         0.026     0.884 r  clk_IBUF_BUFG_inst/O
                         net (fo=668, routed)         0.566     1.449    gen_debouncer[1].gen_debouncer_stage[1].db/clk
    SLICE_X53Y45         FDCE                                         r  gen_debouncer[1].gen_debouncer_stage[1].db/buffers_reg[2]/C
  -------------------------------------------------------------------    -------------------
    SLICE_X53Y45         FDCE (Prop_fdce_C_Q)         0.141     1.590 r  gen_debouncer[1].gen_debouncer_stage[1].db/buffers_reg[2]/Q
                         net (fo=2, routed)           0.068     1.658    gen_debouncer[1].gen_debouncer_stage[1].db/p_0_in[1]
    SLICE_X52Y45         LUT4 (Prop_lut4_I2_O)        0.045     1.703 r  gen_debouncer[1].gen_debouncer_stage[1].db/debounced_output_i_1__16/O
                         net (fo=1, routed)           0.000     1.703    gen_debouncer[1].gen_debouncer_stage[1].db/debounced_output_i_1__16_n_0
    SLICE_X52Y45         FDCE                                         r  gen_debouncer[1].gen_debouncer_stage[1].db/debounced_output_reg/D
  -------------------------------------------------------------------    -------------------

                         (clock sys_clk_pin rise edge)
                                                      0.000     0.000 r  
    W5                                                0.000     0.000 r  clk (IN)
                         net (fo=0)                   0.000     0.000    clk
    W5                   IBUF (Prop_ibuf_I_O)         0.414     0.414 r  clk_IBUF_inst/O
                         net (fo=1, routed)           0.685     1.099    clk_IBUF
    BUFGCTRL_X0Y0        BUFG (Prop_bufg_I_O)         0.029     1.128 r  clk_IBUF_BUFG_inst/O
                         net (fo=668, routed)         0.837     1.964    gen_debouncer[1].gen_debouncer_stage[1].db/clk
    SLICE_X52Y45         FDCE                                         r  gen_debouncer[1].gen_debouncer_stage[1].db/debounced_output_reg/C
                         clock pessimism             -0.502     1.462    
    SLICE_X52Y45         FDCE (Hold_fdce_C_D)         0.120     1.582    gen_debouncer[1].gen_debouncer_stage[1].db/debounced_output_reg
  -------------------------------------------------------------------
                         required time                         -1.582    
                         arrival time                           1.703    
  -------------------------------------------------------------------
                         slack                                  0.121    

Slack (MET) :             0.127ns  (arrival time - required time)
  Source:                 history_reg[6][3]/C
                            (rising edge-triggered cell FDCE clocked by sys_clk_pin  {rise@0.000ns fall@5.000ns period=10.000ns})
  Destination:            history_reg[7][3]/D
                            (rising edge-triggered cell FDCE clocked by sys_clk_pin  {rise@0.000ns fall@5.000ns period=10.000ns})
  Path Group:             sys_clk_pin
  Path Type:              Hold (Min at Fast Process Corner)
  Requirement:            0.000ns  (sys_clk_pin rise@0.000ns - sys_clk_pin rise@0.000ns)
  Data Path Delay:        0.502ns  (logic 0.226ns (45.016%)  route 0.276ns (54.984%))
  Logic Levels:           1  (LUT3=1)
  Clock Path Skew:        0.268ns (DCD - SCD - CPR)
    Destination Clock Delay (DCD):    1.960ns
    Source Clock Delay      (SCD):    1.448ns
    Clock Pessimism Removal (CPR):    0.244ns

    Location             Delay type                Incr(ns)  Path(ns)    Netlist Resource(s)
  -------------------------------------------------------------------    -------------------
                         (clock sys_clk_pin rise edge)
                                                      0.000     0.000 r  
    W5                                                0.000     0.000 r  clk (IN)
                         net (fo=0)                   0.000     0.000    clk
    W5                   IBUF (Prop_ibuf_I_O)         0.226     0.226 r  clk_IBUF_inst/O
                         net (fo=1, routed)           0.631     0.858    clk_IBUF
    BUFGCTRL_X0Y0        BUFG (Prop_bufg_I_O)         0.026     0.884 r  clk_IBUF_BUFG_inst/O
                         net (fo=668, routed)         0.565     1.448    clk_IBUF_BUFG
    SLICE_X45Y49         FDCE                                         r  history_reg[6][3]/C
  -------------------------------------------------------------------    -------------------
    SLICE_X45Y49         FDCE (Prop_fdce_C_Q)         0.128     1.576 r  history_reg[6][3]/Q
                         net (fo=2, routed)           0.276     1.852    ms_counter/history_reg[7][12][3]
    SLICE_X45Y50         LUT3 (Prop_lut3_I2_O)        0.098     1.950 r  ms_counter/history[7][3]_i_1/O
                         net (fo=1, routed)           0.000     1.950    ms_counter_n_38
    SLICE_X45Y50         FDCE                                         r  history_reg[7][3]/D
  -------------------------------------------------------------------    -------------------

                         (clock sys_clk_pin rise edge)
                                                      0.000     0.000 r  
    W5                                                0.000     0.000 r  clk (IN)
                         net (fo=0)                   0.000     0.000    clk
    W5                   IBUF (Prop_ibuf_I_O)         0.414     0.414 r  clk_IBUF_inst/O
                         net (fo=1, routed)           0.685     1.099    clk_IBUF
    BUFGCTRL_X0Y0        BUFG (Prop_bufg_I_O)         0.029     1.128 r  clk_IBUF_BUFG_inst/O
                         net (fo=668, routed)         0.833     1.960    clk_IBUF_BUFG
    SLICE_X45Y50         FDCE                                         r  history_reg[7][3]/C
                         clock pessimism             -0.244     1.716    
    SLICE_X45Y50         FDCE (Hold_fdce_C_D)         0.107     1.823    history_reg[7][3]
  -------------------------------------------------------------------
                         required time                         -1.823    
                         arrival time                           1.950    
  -------------------------------------------------------------------
                         slack                                  0.127    

Slack (MET) :             0.129ns  (arrival time - required time)
  Source:                 gen_debouncer[2].gen_debouncer_stage[12].db/buffers_reg[1]/C
                            (rising edge-triggered cell FDCE clocked by sys_clk_pin  {rise@0.000ns fall@5.000ns period=10.000ns})
  Destination:            gen_debouncer[2].gen_debouncer_stage[12].db/ss_reg[0]/D
                            (rising edge-triggered cell FDRE clocked by sys_clk_pin  {rise@0.000ns fall@5.000ns period=10.000ns})
  Path Group:             sys_clk_pin
  Path Type:              Hold (Min at Fast Process Corner)
  Requirement:            0.000ns  (sys_clk_pin rise@0.000ns - sys_clk_pin rise@0.000ns)
  Data Path Delay:        0.263ns  (logic 0.186ns (70.669%)  route 0.077ns (29.331%))
  Logic Levels:           1  (LUT4=1)
  Clock Path Skew:        0.013ns (DCD - SCD - CPR)
    Destination Clock Delay (DCD):    1.965ns
    Source Clock Delay      (SCD):    1.450ns
    Clock Pessimism Removal (CPR):    0.502ns

    Location             Delay type                Incr(ns)  Path(ns)    Netlist Resource(s)
  -------------------------------------------------------------------    -------------------
                         (clock sys_clk_pin rise edge)
                                                      0.000     0.000 r  
    W5                                                0.000     0.000 r  clk (IN)
                         net (fo=0)                   0.000     0.000    clk
    W5                   IBUF (Prop_ibuf_I_O)         0.226     0.226 r  clk_IBUF_inst/O
                         net (fo=1, routed)           0.631     0.858    clk_IBUF
    BUFGCTRL_X0Y0        BUFG (Prop_bufg_I_O)         0.026     0.884 r  clk_IBUF_BUFG_inst/O
                         net (fo=668, routed)         0.567     1.450    gen_debouncer[2].gen_debouncer_stage[12].db/clk
    SLICE_X53Y49         FDCE                                         r  gen_debouncer[2].gen_debouncer_stage[12].db/buffers_reg[1]/C
  -------------------------------------------------------------------    -------------------
    SLICE_X53Y49         FDCE (Prop_fdce_C_Q)         0.141     1.591 f  gen_debouncer[2].gen_debouncer_stage[12].db/buffers_reg[1]/Q
                         net (fo=3, routed)           0.077     1.668    gen_debouncer[2].gen_debouncer_stage[12].db/p_0_in[0]
    SLICE_X52Y49         LUT4 (Prop_lut4_I1_O)        0.045     1.713 r  gen_debouncer[2].gen_debouncer_stage[12].db/ss[0]_i_1__43/O
                         net (fo=1, routed)           0.000     1.713    gen_debouncer[2].gen_debouncer_stage[12].db/ss[0]_i_1__43_n_0
    SLICE_X52Y49         FDRE                                         r  gen_debouncer[2].gen_debouncer_stage[12].db/ss_reg[0]/D
  -------------------------------------------------------------------    -------------------

                         (clock sys_clk_pin rise edge)
                                                      0.000     0.000 r  
    W5                                                0.000     0.000 r  clk (IN)
                         net (fo=0)                   0.000     0.000    clk
    W5                   IBUF (Prop_ibuf_I_O)         0.414     0.414 r  clk_IBUF_inst/O
                         net (fo=1, routed)           0.685     1.099    clk_IBUF
    BUFGCTRL_X0Y0        BUFG (Prop_bufg_I_O)         0.029     1.128 r  clk_IBUF_BUFG_inst/O
                         net (fo=668, routed)         0.838     1.965    gen_debouncer[2].gen_debouncer_stage[12].db/clk
    SLICE_X52Y49         FDRE                                         r  gen_debouncer[2].gen_debouncer_stage[12].db/ss_reg[0]/C
                         clock pessimism             -0.502     1.463    
    SLICE_X52Y49         FDRE (Hold_fdre_C_D)         0.121     1.584    gen_debouncer[2].gen_debouncer_stage[12].db/ss_reg[0]
  -------------------------------------------------------------------
                         required time                         -1.584    
                         arrival time                           1.713    
  -------------------------------------------------------------------
                         slack                                  0.129    

Slack (MET) :             0.129ns  (arrival time - required time)
  Source:                 gen_debouncer[3].gen_debouncer_stage[12].db/buffers_reg[1]/C
                            (rising edge-triggered cell FDCE clocked by sys_clk_pin  {rise@0.000ns fall@5.000ns period=10.000ns})
  Destination:            gen_debouncer[3].gen_debouncer_stage[12].db/ss_reg[0]/D
                            (rising edge-triggered cell FDRE clocked by sys_clk_pin  {rise@0.000ns fall@5.000ns period=10.000ns})
  Path Group:             sys_clk_pin
  Path Type:              Hold (Min at Fast Process Corner)
  Requirement:            0.000ns  (sys_clk_pin rise@0.000ns - sys_clk_pin rise@0.000ns)
  Data Path Delay:        0.263ns  (logic 0.186ns (70.669%)  route 0.077ns (29.331%))
  Logic Levels:           1  (LUT4=1)
  Clock Path Skew:        0.013ns (DCD - SCD - CPR)
    Destination Clock Delay (DCD):    1.965ns
    Source Clock Delay      (SCD):    1.450ns
    Clock Pessimism Removal (CPR):    0.502ns

    Location             Delay type                Incr(ns)  Path(ns)    Netlist Resource(s)
  -------------------------------------------------------------------    -------------------
                         (clock sys_clk_pin rise edge)
                                                      0.000     0.000 r  
    W5                                                0.000     0.000 r  clk (IN)
                         net (fo=0)                   0.000     0.000    clk
    W5                   IBUF (Prop_ibuf_I_O)         0.226     0.226 r  clk_IBUF_inst/O
                         net (fo=1, routed)           0.631     0.858    clk_IBUF
    BUFGCTRL_X0Y0        BUFG (Prop_bufg_I_O)         0.026     0.884 r  clk_IBUF_BUFG_inst/O
                         net (fo=668, routed)         0.567     1.450    gen_debouncer[3].gen_debouncer_stage[12].db/clk
    SLICE_X51Y49         FDCE                                         r  gen_debouncer[3].gen_debouncer_stage[12].db/buffers_reg[1]/C
  -------------------------------------------------------------------    -------------------
    SLICE_X51Y49         FDCE (Prop_fdce_C_Q)         0.141     1.591 f  gen_debouncer[3].gen_debouncer_stage[12].db/buffers_reg[1]/Q
                         net (fo=3, routed)           0.077     1.668    gen_debouncer[3].gen_debouncer_stage[12].db/p_0_in[0]
    SLICE_X50Y49         LUT4 (Prop_lut4_I1_O)        0.045     1.713 r  gen_debouncer[3].gen_debouncer_stage[12].db/ss[0]_i_1__59/O
                         net (fo=1, routed)           0.000     1.713    gen_debouncer[3].gen_debouncer_stage[12].db/ss[0]_i_1__59_n_0
    SLICE_X50Y49         FDRE                                         r  gen_debouncer[3].gen_debouncer_stage[12].db/ss_reg[0]/D
  -------------------------------------------------------------------    -------------------

                         (clock sys_clk_pin rise edge)
                                                      0.000     0.000 r  
    W5                                                0.000     0.000 r  clk (IN)
                         net (fo=0)                   0.000     0.000    clk
    W5                   IBUF (Prop_ibuf_I_O)         0.414     0.414 r  clk_IBUF_inst/O
                         net (fo=1, routed)           0.685     1.099    clk_IBUF
    BUFGCTRL_X0Y0        BUFG (Prop_bufg_I_O)         0.029     1.128 r  clk_IBUF_BUFG_inst/O
                         net (fo=668, routed)         0.838     1.965    gen_debouncer[3].gen_debouncer_stage[12].db/clk
    SLICE_X50Y49         FDRE                                         r  gen_debouncer[3].gen_debouncer_stage[12].db/ss_reg[0]/C
                         clock pessimism             -0.502     1.463    
    SLICE_X50Y49         FDRE (Hold_fdre_C_D)         0.121     1.584    gen_debouncer[3].gen_debouncer_stage[12].db/ss_reg[0]
  -------------------------------------------------------------------
                         required time                         -1.584    
                         arrival time                           1.713    
  -------------------------------------------------------------------
                         slack                                  0.129    

Slack (MET) :             0.136ns  (arrival time - required time)
  Source:                 history_reg[6][0]/C
                            (rising edge-triggered cell FDCE clocked by sys_clk_pin  {rise@0.000ns fall@5.000ns period=10.000ns})
  Destination:            history_reg[7][0]/D
                            (rising edge-triggered cell FDCE clocked by sys_clk_pin  {rise@0.000ns fall@5.000ns period=10.000ns})
  Path Group:             sys_clk_pin
  Path Type:              Hold (Min at Fast Process Corner)
  Requirement:            0.000ns  (sys_clk_pin rise@0.000ns - sys_clk_pin rise@0.000ns)
  Data Path Delay:        0.535ns  (logic 0.225ns (42.033%)  route 0.310ns (57.967%))
  Logic Levels:           1  (LUT3=1)
  Clock Path Skew:        0.268ns (DCD - SCD - CPR)
    Destination Clock Delay (DCD):    1.960ns
    Source Clock Delay      (SCD):    1.448ns
    Clock Pessimism Removal (CPR):    0.244ns

    Location             Delay type                Incr(ns)  Path(ns)    Netlist Resource(s)
  -------------------------------------------------------------------    -------------------
                         (clock sys_clk_pin rise edge)
                                                      0.000     0.000 r  
    W5                                                0.000     0.000 r  clk (IN)
                         net (fo=0)                   0.000     0.000    clk
    W5                   IBUF (Prop_ibuf_I_O)         0.226     0.226 r  clk_IBUF_inst/O
                         net (fo=1, routed)           0.631     0.858    clk_IBUF
    BUFGCTRL_X0Y0        BUFG (Prop_bufg_I_O)         0.026     0.884 r  clk_IBUF_BUFG_inst/O
                         net (fo=668, routed)         0.565     1.448    clk_IBUF_BUFG
    SLICE_X47Y49         FDCE                                         r  history_reg[6][0]/C
  -------------------------------------------------------------------    -------------------
    SLICE_X47Y49         FDCE (Prop_fdce_C_Q)         0.128     1.576 r  history_reg[6][0]/Q
                         net (fo=2, routed)           0.310     1.886    ms_counter/history_reg[7][12][0]
    SLICE_X46Y51         LUT3 (Prop_lut3_I2_O)        0.097     1.983 r  ms_counter/history[7][0]_i_1/O
                         net (fo=1, routed)           0.000     1.983    ms_counter_n_41
    SLICE_X46Y51         FDCE                                         r  history_reg[7][0]/D
  -------------------------------------------------------------------    -------------------

                         (clock sys_clk_pin rise edge)
                                                      0.000     0.000 r  
    W5                                                0.000     0.000 r  clk (IN)
                         net (fo=0)                   0.000     0.000    clk
    W5                   IBUF (Prop_ibuf_I_O)         0.414     0.414 r  clk_IBUF_inst/O
                         net (fo=1, routed)           0.685     1.099    clk_IBUF
    BUFGCTRL_X0Y0        BUFG (Prop_bufg_I_O)         0.029     1.128 r  clk_IBUF_BUFG_inst/O
                         net (fo=668, routed)         0.833     1.960    clk_IBUF_BUFG
    SLICE_X46Y51         FDCE                                         r  history_reg[7][0]/C
                         clock pessimism             -0.244     1.716    
    SLICE_X46Y51         FDCE (Hold_fdce_C_D)         0.131     1.847    history_reg[7][0]
  -------------------------------------------------------------------
                         required time                         -1.847    
                         arrival time                           1.983    
  -------------------------------------------------------------------
                         slack                                  0.136    





Pulse Width Checks
--------------------------------------------------------------------------------------
Clock Name:         sys_clk_pin
Waveform(ns):       { 0.000 5.000 }
Period(ns):         10.000
Sources:            { clk }

Check Type        Corner  Lib Pin  Reference Pin  Required(ns)  Actual(ns)  Slack(ns)  Location       Pin
Min Period        n/a     BUFG/I   n/a            2.155         10.000      7.845      BUFGCTRL_X0Y0  clk_IBUF_BUFG_inst/I
Min Period        n/a     FDCE/C   n/a            1.000         10.000      9.000      SLICE_X46Y51   avg_latency_reg[0]/C
Min Period        n/a     FDCE/C   n/a            1.000         10.000      9.000      SLICE_X47Y54   avg_latency_reg[10]/C
Min Period        n/a     FDCE/C   n/a            1.000         10.000      9.000      SLICE_X46Y54   avg_latency_reg[11]/C
Min Period        n/a     FDCE/C   n/a            1.000         10.000      9.000      SLICE_X45Y55   avg_latency_reg[12]/C
Min Period        n/a     FDCE/C   n/a            1.000         10.000      9.000      SLICE_X45Y50   avg_latency_reg[1]/C
Min Period        n/a     FDCE/C   n/a            1.000         10.000      9.000      SLICE_X45Y50   avg_latency_reg[2]/C
Min Period        n/a     FDCE/C   n/a            1.000         10.000      9.000      SLICE_X45Y50   avg_latency_reg[3]/C
Min Period        n/a     FDCE/C   n/a            1.000         10.000      9.000      SLICE_X46Y51   avg_latency_reg[4]/C
Min Period        n/a     FDCE/C   n/a            1.000         10.000      9.000      SLICE_X45Y50   avg_latency_reg[5]/C
Low Pulse Width   Slow    FDCE/C   n/a            0.500         5.000       4.500      SLICE_X46Y51   avg_latency_reg[0]/C
Low Pulse Width   Fast    FDCE/C   n/a            0.500         5.000       4.500      SLICE_X46Y51   avg_latency_reg[0]/C
Low Pulse Width   Slow    FDCE/C   n/a            0.500         5.000       4.500      SLICE_X47Y54   avg_latency_reg[10]/C
Low Pulse Width   Fast    FDCE/C   n/a            0.500         5.000       4.500      SLICE_X47Y54   avg_latency_reg[10]/C
Low Pulse Width   Slow    FDCE/C   n/a            0.500         5.000       4.500      SLICE_X46Y54   avg_latency_reg[11]/C
Low Pulse Width   Fast    FDCE/C   n/a            0.500         5.000       4.500      SLICE_X46Y54   avg_latency_reg[11]/C
Low Pulse Width   Slow    FDCE/C   n/a            0.500         5.000       4.500      SLICE_X45Y55   avg_latency_reg[12]/C
Low Pulse Width   Fast    FDCE/C   n/a            0.500         5.000       4.500      SLICE_X45Y55   avg_latency_reg[12]/C
Low Pulse Width   Slow    FDCE/C   n/a            0.500         5.000       4.500      SLICE_X45Y50   avg_latency_reg[1]/C
Low Pulse Width   Fast    FDCE/C   n/a            0.500         5.000       4.500      SLICE_X45Y50   avg_latency_reg[1]/C
High Pulse Width  Slow    FDCE/C   n/a            0.500         5.000       4.500      SLICE_X46Y51   avg_latency_reg[0]/C
High Pulse Width  Fast    FDCE/C   n/a            0.500         5.000       4.500      SLICE_X46Y51   avg_latency_reg[0]/C
High Pulse Width  Slow    FDCE/C   n/a            0.500         5.000       4.500      SLICE_X47Y54   avg_latency_reg[10]/C
High Pulse Width  Fast    FDCE/C   n/a            0.500         5.000       4.500      SLICE_X47Y54   avg_latency_reg[10]/C
High Pulse Width  Slow    FDCE/C   n/a            0.500         5.000       4.500      SLICE_X46Y54   avg_latency_reg[11]/C
High Pulse Width  Fast    FDCE/C   n/a            0.500         5.000       4.500      SLICE_X46Y54   avg_latency_reg[11]/C
High Pulse Width  Slow    FDCE/C   n/a            0.500         5.000       4.500      SLICE_X45Y55   avg_latency_reg[12]/C
High Pulse Width  Fast    FDCE/C   n/a            0.500         5.000       4.500      SLICE_X45Y55   avg_latency_reg[12]/C
High Pulse Width  Slow    FDCE/C   n/a            0.500         5.000       4.500      SLICE_X45Y50   avg_latency_reg[1]/C
High Pulse Width  Fast    FDCE/C   n/a            0.500         5.000       4.500      SLICE_X45Y50   avg_latency_reg[1]/C



---------------------------------------------------------------------------------------------------
Path Group:  **async_default**
From Clock:  sys_clk_pin
  To Clock:  sys_clk_pin

Setup :            0  Failing Endpoints,  Worst Slack        5.010ns,  Total Violation        0.000ns
Hold  :            0  Failing Endpoints,  Worst Slack        1.008ns,  Total Violation        0.000ns
---------------------------------------------------------------------------------------------------


Max Delay Paths
--------------------------------------------------------------------------------------
Slack (MET) :             5.010ns  (required time - arrival time)
  Source:                 system_state/FSM_sequential_state_reg[2]/C
                            (rising edge-triggered cell FDRE clocked by sys_clk_pin  {rise@0.000ns fall@5.000ns period=10.000ns})
  Destination:            ms_countdown/counter_reg[10]/CLR
                            (recovery check against rising-edge clock sys_clk_pin  {rise@0.000ns fall@5.000ns period=10.000ns})
  Path Group:             **async_default**
  Path Type:              Recovery (Max at Slow Process Corner)
  Requirement:            10.000ns  (sys_clk_pin rise@10.000ns - sys_clk_pin rise@0.000ns)
  Data Path Delay:        4.524ns  (logic 0.580ns (12.822%)  route 3.944ns (87.178%))
  Logic Levels:           1  (LUT5=1)
  Clock Path Skew:        -0.026ns (DCD - SCD + CPR)
    Destination Clock Delay (DCD):    4.773ns = ( 14.773 - 10.000 ) 
    Source Clock Delay      (SCD):    5.071ns
    Clock Pessimism Removal (CPR):    0.272ns
  Clock Uncertainty:      0.035ns  ((TSJ^2 + TIJ^2)^1/2 + DJ) / 2 + PE
    Total System Jitter     (TSJ):    0.071ns
    Total Input Jitter      (TIJ):    0.000ns
    Discrete Jitter          (DJ):    0.000ns
    Phase Error              (PE):    0.000ns

    Location             Delay type                Incr(ns)  Path(ns)    Netlist Resource(s)
  -------------------------------------------------------------------    -------------------
                         (clock sys_clk_pin rise edge)
                                                      0.000     0.000 r  
    W5                                                0.000     0.000 r  clk (IN)
                         net (fo=0)                   0.000     0.000    clk
    W5                   IBUF (Prop_ibuf_I_O)         1.458     1.458 r  clk_IBUF_inst/O
                         net (fo=1, routed)           1.967     3.425    clk_IBUF
    BUFGCTRL_X0Y0        BUFG (Prop_bufg_I_O)         0.096     3.521 r  clk_IBUF_BUFG_inst/O
                         net (fo=668, routed)         1.550     5.071    system_state/clk
    SLICE_X41Y62         FDRE                                         r  system_state/FSM_sequential_state_reg[2]/C
  -------------------------------------------------------------------    -------------------
    SLICE_X41Y62         FDRE (Prop_fdre_C_Q)         0.456     5.527 f  system_state/FSM_sequential_state_reg[2]/Q
                         net (fo=80, routed)          2.300     7.827    system_state/state[2]
    SLICE_X43Y55         LUT5 (Prop_lut5_I3_O)        0.124     7.951 f  system_state/counter[0]_i_3/O
                         net (fo=27, routed)          1.643     9.594    ms_countdown/counter_reg[13]_1
    SLICE_X43Y63         FDCE                                         f  ms_countdown/counter_reg[10]/CLR
  -------------------------------------------------------------------    -------------------

                         (clock sys_clk_pin rise edge)
                                                     10.000    10.000 r  
    W5                                                0.000    10.000 r  clk (IN)
                         net (fo=0)                   0.000    10.000    clk
    W5                   IBUF (Prop_ibuf_I_O)         1.388    11.388 r  clk_IBUF_inst/O
                         net (fo=1, routed)           1.862    13.250    clk_IBUF
    BUFGCTRL_X0Y0        BUFG (Prop_bufg_I_O)         0.091    13.341 r  clk_IBUF_BUFG_inst/O
                         net (fo=668, routed)         1.432    14.773    ms_countdown/clk
    SLICE_X43Y63         FDCE                                         r  ms_countdown/counter_reg[10]/C
                         clock pessimism              0.272    15.045    
                         clock uncertainty           -0.035    15.010    
    SLICE_X43Y63         FDCE (Recov_fdce_C_CLR)     -0.405    14.605    ms_countdown/counter_reg[10]
  -------------------------------------------------------------------
                         required time                         14.605    
                         arrival time                          -9.594    
  -------------------------------------------------------------------
                         slack                                  5.010    

Slack (MET) :             5.010ns  (required time - arrival time)
  Source:                 system_state/FSM_sequential_state_reg[2]/C
                            (rising edge-triggered cell FDRE clocked by sys_clk_pin  {rise@0.000ns fall@5.000ns period=10.000ns})
  Destination:            ms_countdown/counter_reg[11]/CLR
                            (recovery check against rising-edge clock sys_clk_pin  {rise@0.000ns fall@5.000ns period=10.000ns})
  Path Group:             **async_default**
  Path Type:              Recovery (Max at Slow Process Corner)
  Requirement:            10.000ns  (sys_clk_pin rise@10.000ns - sys_clk_pin rise@0.000ns)
  Data Path Delay:        4.524ns  (logic 0.580ns (12.822%)  route 3.944ns (87.178%))
  Logic Levels:           1  (LUT5=1)
  Clock Path Skew:        -0.026ns (DCD - SCD + CPR)
    Destination Clock Delay (DCD):    4.773ns = ( 14.773 - 10.000 ) 
    Source Clock Delay      (SCD):    5.071ns
    Clock Pessimism Removal (CPR):    0.272ns
  Clock Uncertainty:      0.035ns  ((TSJ^2 + TIJ^2)^1/2 + DJ) / 2 + PE
    Total System Jitter     (TSJ):    0.071ns
    Total Input Jitter      (TIJ):    0.000ns
    Discrete Jitter          (DJ):    0.000ns
    Phase Error              (PE):    0.000ns

    Location             Delay type                Incr(ns)  Path(ns)    Netlist Resource(s)
  -------------------------------------------------------------------    -------------------
                         (clock sys_clk_pin rise edge)
                                                      0.000     0.000 r  
    W5                                                0.000     0.000 r  clk (IN)
                         net (fo=0)                   0.000     0.000    clk
    W5                   IBUF (Prop_ibuf_I_O)         1.458     1.458 r  clk_IBUF_inst/O
                         net (fo=1, routed)           1.967     3.425    clk_IBUF
    BUFGCTRL_X0Y0        BUFG (Prop_bufg_I_O)         0.096     3.521 r  clk_IBUF_BUFG_inst/O
                         net (fo=668, routed)         1.550     5.071    system_state/clk
    SLICE_X41Y62         FDRE                                         r  system_state/FSM_sequential_state_reg[2]/C
  -------------------------------------------------------------------    -------------------
    SLICE_X41Y62         FDRE (Prop_fdre_C_Q)         0.456     5.527 f  system_state/FSM_sequential_state_reg[2]/Q
                         net (fo=80, routed)          2.300     7.827    system_state/state[2]
    SLICE_X43Y55         LUT5 (Prop_lut5_I3_O)        0.124     7.951 f  system_state/counter[0]_i_3/O
                         net (fo=27, routed)          1.643     9.594    ms_countdown/counter_reg[13]_1
    SLICE_X43Y63         FDCE                                         f  ms_countdown/counter_reg[11]/CLR
  -------------------------------------------------------------------    -------------------

                         (clock sys_clk_pin rise edge)
                                                     10.000    10.000 r  
    W5                                                0.000    10.000 r  clk (IN)
                         net (fo=0)                   0.000    10.000    clk
    W5                   IBUF (Prop_ibuf_I_O)         1.388    11.388 r  clk_IBUF_inst/O
                         net (fo=1, routed)           1.862    13.250    clk_IBUF
    BUFGCTRL_X0Y0        BUFG (Prop_bufg_I_O)         0.091    13.341 r  clk_IBUF_BUFG_inst/O
                         net (fo=668, routed)         1.432    14.773    ms_countdown/clk
    SLICE_X43Y63         FDCE                                         r  ms_countdown/counter_reg[11]/C
                         clock pessimism              0.272    15.045    
                         clock uncertainty           -0.035    15.010    
    SLICE_X43Y63         FDCE (Recov_fdce_C_CLR)     -0.405    14.605    ms_countdown/counter_reg[11]
  -------------------------------------------------------------------
                         required time                         14.605    
                         arrival time                          -9.594    
  -------------------------------------------------------------------
                         slack                                  5.010    

Slack (MET) :             5.010ns  (required time - arrival time)
  Source:                 system_state/FSM_sequential_state_reg[2]/C
                            (rising edge-triggered cell FDRE clocked by sys_clk_pin  {rise@0.000ns fall@5.000ns period=10.000ns})
  Destination:            ms_countdown/counter_reg[8]/CLR
                            (recovery check against rising-edge clock sys_clk_pin  {rise@0.000ns fall@5.000ns period=10.000ns})
  Path Group:             **async_default**
  Path Type:              Recovery (Max at Slow Process Corner)
  Requirement:            10.000ns  (sys_clk_pin rise@10.000ns - sys_clk_pin rise@0.000ns)
  Data Path Delay:        4.524ns  (logic 0.580ns (12.822%)  route 3.944ns (87.178%))
  Logic Levels:           1  (LUT5=1)
  Clock Path Skew:        -0.026ns (DCD - SCD + CPR)
    Destination Clock Delay (DCD):    4.773ns = ( 14.773 - 10.000 ) 
    Source Clock Delay      (SCD):    5.071ns
    Clock Pessimism Removal (CPR):    0.272ns
  Clock Uncertainty:      0.035ns  ((TSJ^2 + TIJ^2)^1/2 + DJ) / 2 + PE
    Total System Jitter     (TSJ):    0.071ns
    Total Input Jitter      (TIJ):    0.000ns
    Discrete Jitter          (DJ):    0.000ns
    Phase Error              (PE):    0.000ns

    Location             Delay type                Incr(ns)  Path(ns)    Netlist Resource(s)
  -------------------------------------------------------------------    -------------------
                         (clock sys_clk_pin rise edge)
                                                      0.000     0.000 r  
    W5                                                0.000     0.000 r  clk (IN)
                         net (fo=0)                   0.000     0.000    clk
    W5                   IBUF (Prop_ibuf_I_O)         1.458     1.458 r  clk_IBUF_inst/O
                         net (fo=1, routed)           1.967     3.425    clk_IBUF
    BUFGCTRL_X0Y0        BUFG (Prop_bufg_I_O)         0.096     3.521 r  clk_IBUF_BUFG_inst/O
                         net (fo=668, routed)         1.550     5.071    system_state/clk
    SLICE_X41Y62         FDRE                                         r  system_state/FSM_sequential_state_reg[2]/C
  -------------------------------------------------------------------    -------------------
    SLICE_X41Y62         FDRE (Prop_fdre_C_Q)         0.456     5.527 f  system_state/FSM_sequential_state_reg[2]/Q
                         net (fo=80, routed)          2.300     7.827    system_state/state[2]
    SLICE_X43Y55         LUT5 (Prop_lut5_I3_O)        0.124     7.951 f  system_state/counter[0]_i_3/O
                         net (fo=27, routed)          1.643     9.594    ms_countdown/counter_reg[13]_1
    SLICE_X43Y63         FDCE                                         f  ms_countdown/counter_reg[8]/CLR
  -------------------------------------------------------------------    -------------------

                         (clock sys_clk_pin rise edge)
                                                     10.000    10.000 r  
    W5                                                0.000    10.000 r  clk (IN)
                         net (fo=0)                   0.000    10.000    clk
    W5                   IBUF (Prop_ibuf_I_O)         1.388    11.388 r  clk_IBUF_inst/O
                         net (fo=1, routed)           1.862    13.250    clk_IBUF
    BUFGCTRL_X0Y0        BUFG (Prop_bufg_I_O)         0.091    13.341 r  clk_IBUF_BUFG_inst/O
                         net (fo=668, routed)         1.432    14.773    ms_countdown/clk
    SLICE_X43Y63         FDCE                                         r  ms_countdown/counter_reg[8]/C
                         clock pessimism              0.272    15.045    
                         clock uncertainty           -0.035    15.010    
    SLICE_X43Y63         FDCE (Recov_fdce_C_CLR)     -0.405    14.605    ms_countdown/counter_reg[8]
  -------------------------------------------------------------------
                         required time                         14.605    
                         arrival time                          -9.594    
  -------------------------------------------------------------------
                         slack                                  5.010    

Slack (MET) :             5.010ns  (required time - arrival time)
  Source:                 system_state/FSM_sequential_state_reg[2]/C
                            (rising edge-triggered cell FDRE clocked by sys_clk_pin  {rise@0.000ns fall@5.000ns period=10.000ns})
  Destination:            ms_countdown/counter_reg[9]/CLR
                            (recovery check against rising-edge clock sys_clk_pin  {rise@0.000ns fall@5.000ns period=10.000ns})
  Path Group:             **async_default**
  Path Type:              Recovery (Max at Slow Process Corner)
  Requirement:            10.000ns  (sys_clk_pin rise@10.000ns - sys_clk_pin rise@0.000ns)
  Data Path Delay:        4.524ns  (logic 0.580ns (12.822%)  route 3.944ns (87.178%))
  Logic Levels:           1  (LUT5=1)
  Clock Path Skew:        -0.026ns (DCD - SCD + CPR)
    Destination Clock Delay (DCD):    4.773ns = ( 14.773 - 10.000 ) 
    Source Clock Delay      (SCD):    5.071ns
    Clock Pessimism Removal (CPR):    0.272ns
  Clock Uncertainty:      0.035ns  ((TSJ^2 + TIJ^2)^1/2 + DJ) / 2 + PE
    Total System Jitter     (TSJ):    0.071ns
    Total Input Jitter      (TIJ):    0.000ns
    Discrete Jitter          (DJ):    0.000ns
    Phase Error              (PE):    0.000ns

    Location             Delay type                Incr(ns)  Path(ns)    Netlist Resource(s)
  -------------------------------------------------------------------    -------------------
                         (clock sys_clk_pin rise edge)
                                                      0.000     0.000 r  
    W5                                                0.000     0.000 r  clk (IN)
                         net (fo=0)                   0.000     0.000    clk
    W5                   IBUF (Prop_ibuf_I_O)         1.458     1.458 r  clk_IBUF_inst/O
                         net (fo=1, routed)           1.967     3.425    clk_IBUF
    BUFGCTRL_X0Y0        BUFG (Prop_bufg_I_O)         0.096     3.521 r  clk_IBUF_BUFG_inst/O
                         net (fo=668, routed)         1.550     5.071    system_state/clk
    SLICE_X41Y62         FDRE                                         r  system_state/FSM_sequential_state_reg[2]/C
  -------------------------------------------------------------------    -------------------
    SLICE_X41Y62         FDRE (Prop_fdre_C_Q)         0.456     5.527 f  system_state/FSM_sequential_state_reg[2]/Q
                         net (fo=80, routed)          2.300     7.827    system_state/state[2]
    SLICE_X43Y55         LUT5 (Prop_lut5_I3_O)        0.124     7.951 f  system_state/counter[0]_i_3/O
                         net (fo=27, routed)          1.643     9.594    ms_countdown/counter_reg[13]_1
    SLICE_X43Y63         FDCE                                         f  ms_countdown/counter_reg[9]/CLR
  -------------------------------------------------------------------    -------------------

                         (clock sys_clk_pin rise edge)
                                                     10.000    10.000 r  
    W5                                                0.000    10.000 r  clk (IN)
                         net (fo=0)                   0.000    10.000    clk
    W5                   IBUF (Prop_ibuf_I_O)         1.388    11.388 r  clk_IBUF_inst/O
                         net (fo=1, routed)           1.862    13.250    clk_IBUF
    BUFGCTRL_X0Y0        BUFG (Prop_bufg_I_O)         0.091    13.341 r  clk_IBUF_BUFG_inst/O
                         net (fo=668, routed)         1.432    14.773    ms_countdown/clk
    SLICE_X43Y63         FDCE                                         r  ms_countdown/counter_reg[9]/C
                         clock pessimism              0.272    15.045    
                         clock uncertainty           -0.035    15.010    
    SLICE_X43Y63         FDCE (Recov_fdce_C_CLR)     -0.405    14.605    ms_countdown/counter_reg[9]
  -------------------------------------------------------------------
                         required time                         14.605    
                         arrival time                          -9.594    
  -------------------------------------------------------------------
                         slack                                  5.010    

Slack (MET) :             5.037ns  (required time - arrival time)
  Source:                 system_state/FSM_sequential_state_reg[2]/C
                            (rising edge-triggered cell FDRE clocked by sys_clk_pin  {rise@0.000ns fall@5.000ns period=10.000ns})
  Destination:            ms_countdown/counter_reg[12]/CLR
                            (recovery check against rising-edge clock sys_clk_pin  {rise@0.000ns fall@5.000ns period=10.000ns})
  Path Group:             **async_default**
  Path Type:              Recovery (Max at Slow Process Corner)
  Requirement:            10.000ns  (sys_clk_pin rise@10.000ns - sys_clk_pin rise@0.000ns)
  Data Path Delay:        4.497ns  (logic 0.580ns (12.899%)  route 3.917ns (87.101%))
  Logic Levels:           1  (LUT5=1)
  Clock Path Skew:        -0.026ns (DCD - SCD + CPR)
    Destination Clock Delay (DCD):    4.773ns = ( 14.773 - 10.000 ) 
    Source Clock Delay      (SCD):    5.071ns
    Clock Pessimism Removal (CPR):    0.272ns
  Clock Uncertainty:      0.035ns  ((TSJ^2 + TIJ^2)^1/2 + DJ) / 2 + PE
    Total System Jitter     (TSJ):    0.071ns
    Total Input Jitter      (TIJ):    0.000ns
    Discrete Jitter          (DJ):    0.000ns
    Phase Error              (PE):    0.000ns

    Location             Delay type                Incr(ns)  Path(ns)    Netlist Resource(s)
  -------------------------------------------------------------------    -------------------
                         (clock sys_clk_pin rise edge)
                                                      0.000     0.000 r  
    W5                                                0.000     0.000 r  clk (IN)
                         net (fo=0)                   0.000     0.000    clk
    W5                   IBUF (Prop_ibuf_I_O)         1.458     1.458 r  clk_IBUF_inst/O
                         net (fo=1, routed)           1.967     3.425    clk_IBUF
    BUFGCTRL_X0Y0        BUFG (Prop_bufg_I_O)         0.096     3.521 r  clk_IBUF_BUFG_inst/O
                         net (fo=668, routed)         1.550     5.071    system_state/clk
    SLICE_X41Y62         FDRE                                         r  system_state/FSM_sequential_state_reg[2]/C
  -------------------------------------------------------------------    -------------------
    SLICE_X41Y62         FDRE (Prop_fdre_C_Q)         0.456     5.527 f  system_state/FSM_sequential_state_reg[2]/Q
                         net (fo=80, routed)          2.300     7.827    system_state/state[2]
    SLICE_X43Y55         LUT5 (Prop_lut5_I3_O)        0.124     7.951 f  system_state/counter[0]_i_3/O
                         net (fo=27, routed)          1.616     9.567    ms_countdown/counter_reg[13]_1
    SLICE_X43Y64         FDCE                                         f  ms_countdown/counter_reg[12]/CLR
  -------------------------------------------------------------------    -------------------

                         (clock sys_clk_pin rise edge)
                                                     10.000    10.000 r  
    W5                                                0.000    10.000 r  clk (IN)
                         net (fo=0)                   0.000    10.000    clk
    W5                   IBUF (Prop_ibuf_I_O)         1.388    11.388 r  clk_IBUF_inst/O
                         net (fo=1, routed)           1.862    13.250    clk_IBUF
    BUFGCTRL_X0Y0        BUFG (Prop_bufg_I_O)         0.091    13.341 r  clk_IBUF_BUFG_inst/O
                         net (fo=668, routed)         1.432    14.773    ms_countdown/clk
    SLICE_X43Y64         FDCE                                         r  ms_countdown/counter_reg[12]/C
                         clock pessimism              0.272    15.045    
                         clock uncertainty           -0.035    15.010    
    SLICE_X43Y64         FDCE (Recov_fdce_C_CLR)     -0.405    14.605    ms_countdown/counter_reg[12]
  -------------------------------------------------------------------
                         required time                         14.605    
                         arrival time                          -9.567    
  -------------------------------------------------------------------
                         slack                                  5.037    

Slack (MET) :             5.037ns  (required time - arrival time)
  Source:                 system_state/FSM_sequential_state_reg[2]/C
                            (rising edge-triggered cell FDRE clocked by sys_clk_pin  {rise@0.000ns fall@5.000ns period=10.000ns})
  Destination:            ms_countdown/counter_reg[13]/CLR
                            (recovery check against rising-edge clock sys_clk_pin  {rise@0.000ns fall@5.000ns period=10.000ns})
  Path Group:             **async_default**
  Path Type:              Recovery (Max at Slow Process Corner)
  Requirement:            10.000ns  (sys_clk_pin rise@10.000ns - sys_clk_pin rise@0.000ns)
  Data Path Delay:        4.497ns  (logic 0.580ns (12.899%)  route 3.917ns (87.101%))
  Logic Levels:           1  (LUT5=1)
  Clock Path Skew:        -0.026ns (DCD - SCD + CPR)
    Destination Clock Delay (DCD):    4.773ns = ( 14.773 - 10.000 ) 
    Source Clock Delay      (SCD):    5.071ns
    Clock Pessimism Removal (CPR):    0.272ns
  Clock Uncertainty:      0.035ns  ((TSJ^2 + TIJ^2)^1/2 + DJ) / 2 + PE
    Total System Jitter     (TSJ):    0.071ns
    Total Input Jitter      (TIJ):    0.000ns
    Discrete Jitter          (DJ):    0.000ns
    Phase Error              (PE):    0.000ns

    Location             Delay type                Incr(ns)  Path(ns)    Netlist Resource(s)
  -------------------------------------------------------------------    -------------------
                         (clock sys_clk_pin rise edge)
                                                      0.000     0.000 r  
    W5                                                0.000     0.000 r  clk (IN)
                         net (fo=0)                   0.000     0.000    clk
    W5                   IBUF (Prop_ibuf_I_O)         1.458     1.458 r  clk_IBUF_inst/O
                         net (fo=1, routed)           1.967     3.425    clk_IBUF
    BUFGCTRL_X0Y0        BUFG (Prop_bufg_I_O)         0.096     3.521 r  clk_IBUF_BUFG_inst/O
                         net (fo=668, routed)         1.550     5.071    system_state/clk
    SLICE_X41Y62         FDRE                                         r  system_state/FSM_sequential_state_reg[2]/C
  -------------------------------------------------------------------    -------------------
    SLICE_X41Y62         FDRE (Prop_fdre_C_Q)         0.456     5.527 f  system_state/FSM_sequential_state_reg[2]/Q
                         net (fo=80, routed)          2.300     7.827    system_state/state[2]
    SLICE_X43Y55         LUT5 (Prop_lut5_I3_O)        0.124     7.951 f  system_state/counter[0]_i_3/O
                         net (fo=27, routed)          1.616     9.567    ms_countdown/counter_reg[13]_1
    SLICE_X43Y64         FDCE                                         f  ms_countdown/counter_reg[13]/CLR
  -------------------------------------------------------------------    -------------------

                         (clock sys_clk_pin rise edge)
                                                     10.000    10.000 r  
    W5                                                0.000    10.000 r  clk (IN)
                         net (fo=0)                   0.000    10.000    clk
    W5                   IBUF (Prop_ibuf_I_O)         1.388    11.388 r  clk_IBUF_inst/O
                         net (fo=1, routed)           1.862    13.250    clk_IBUF
    BUFGCTRL_X0Y0        BUFG (Prop_bufg_I_O)         0.091    13.341 r  clk_IBUF_BUFG_inst/O
                         net (fo=668, routed)         1.432    14.773    ms_countdown/clk
    SLICE_X43Y64         FDCE                                         r  ms_countdown/counter_reg[13]/C
                         clock pessimism              0.272    15.045    
                         clock uncertainty           -0.035    15.010    
    SLICE_X43Y64         FDCE (Recov_fdce_C_CLR)     -0.405    14.605    ms_countdown/counter_reg[13]
  -------------------------------------------------------------------
                         required time                         14.605    
                         arrival time                          -9.567    
  -------------------------------------------------------------------
                         slack                                  5.037    

Slack (MET) :             5.131ns  (required time - arrival time)
  Source:                 system_state/FSM_sequential_state_reg[2]/C
                            (rising edge-triggered cell FDRE clocked by sys_clk_pin  {rise@0.000ns fall@5.000ns period=10.000ns})
  Destination:            ms_countdown/counter_reg[4]/CLR
                            (recovery check against rising-edge clock sys_clk_pin  {rise@0.000ns fall@5.000ns period=10.000ns})
  Path Group:             **async_default**
  Path Type:              Recovery (Max at Slow Process Corner)
  Requirement:            10.000ns  (sys_clk_pin rise@10.000ns - sys_clk_pin rise@0.000ns)
  Data Path Delay:        4.404ns  (logic 0.580ns (13.170%)  route 3.824ns (86.830%))
  Logic Levels:           1  (LUT5=1)
  Clock Path Skew:        -0.025ns (DCD - SCD + CPR)
    Destination Clock Delay (DCD):    4.774ns = ( 14.774 - 10.000 ) 
    Source Clock Delay      (SCD):    5.071ns
    Clock Pessimism Removal (CPR):    0.272ns
  Clock Uncertainty:      0.035ns  ((TSJ^2 + TIJ^2)^1/2 + DJ) / 2 + PE
    Total System Jitter     (TSJ):    0.071ns
    Total Input Jitter      (TIJ):    0.000ns
    Discrete Jitter          (DJ):    0.000ns
    Phase Error              (PE):    0.000ns

    Location             Delay type                Incr(ns)  Path(ns)    Netlist Resource(s)
  -------------------------------------------------------------------    -------------------
                         (clock sys_clk_pin rise edge)
                                                      0.000     0.000 r  
    W5                                                0.000     0.000 r  clk (IN)
                         net (fo=0)                   0.000     0.000    clk
    W5                   IBUF (Prop_ibuf_I_O)         1.458     1.458 r  clk_IBUF_inst/O
                         net (fo=1, routed)           1.967     3.425    clk_IBUF
    BUFGCTRL_X0Y0        BUFG (Prop_bufg_I_O)         0.096     3.521 r  clk_IBUF_BUFG_inst/O
                         net (fo=668, routed)         1.550     5.071    system_state/clk
    SLICE_X41Y62         FDRE                                         r  system_state/FSM_sequential_state_reg[2]/C
  -------------------------------------------------------------------    -------------------
    SLICE_X41Y62         FDRE (Prop_fdre_C_Q)         0.456     5.527 f  system_state/FSM_sequential_state_reg[2]/Q
                         net (fo=80, routed)          2.300     7.827    system_state/state[2]
    SLICE_X43Y55         LUT5 (Prop_lut5_I3_O)        0.124     7.951 f  system_state/counter[0]_i_3/O
                         net (fo=27, routed)          1.524     9.475    ms_countdown/counter_reg[13]_1
    SLICE_X43Y62         FDCE                                         f  ms_countdown/counter_reg[4]/CLR
  -------------------------------------------------------------------    -------------------

                         (clock sys_clk_pin rise edge)
                                                     10.000    10.000 r  
    W5                                                0.000    10.000 r  clk (IN)
                         net (fo=0)                   0.000    10.000    clk
    W5                   IBUF (Prop_ibuf_I_O)         1.388    11.388 r  clk_IBUF_inst/O
                         net (fo=1, routed)           1.862    13.250    clk_IBUF
    BUFGCTRL_X0Y0        BUFG (Prop_bufg_I_O)         0.091    13.341 r  clk_IBUF_BUFG_inst/O
                         net (fo=668, routed)         1.433    14.774    ms_countdown/clk
    SLICE_X43Y62         FDCE                                         r  ms_countdown/counter_reg[4]/C
                         clock pessimism              0.272    15.046    
                         clock uncertainty           -0.035    15.011    
    SLICE_X43Y62         FDCE (Recov_fdce_C_CLR)     -0.405    14.606    ms_countdown/counter_reg[4]
  -------------------------------------------------------------------
                         required time                         14.606    
                         arrival time                          -9.475    
  -------------------------------------------------------------------
                         slack                                  5.131    

Slack (MET) :             5.131ns  (required time - arrival time)
  Source:                 system_state/FSM_sequential_state_reg[2]/C
                            (rising edge-triggered cell FDRE clocked by sys_clk_pin  {rise@0.000ns fall@5.000ns period=10.000ns})
  Destination:            ms_countdown/counter_reg[5]/CLR
                            (recovery check against rising-edge clock sys_clk_pin  {rise@0.000ns fall@5.000ns period=10.000ns})
  Path Group:             **async_default**
  Path Type:              Recovery (Max at Slow Process Corner)
  Requirement:            10.000ns  (sys_clk_pin rise@10.000ns - sys_clk_pin rise@0.000ns)
  Data Path Delay:        4.404ns  (logic 0.580ns (13.170%)  route 3.824ns (86.830%))
  Logic Levels:           1  (LUT5=1)
  Clock Path Skew:        -0.025ns (DCD - SCD + CPR)
    Destination Clock Delay (DCD):    4.774ns = ( 14.774 - 10.000 ) 
    Source Clock Delay      (SCD):    5.071ns
    Clock Pessimism Removal (CPR):    0.272ns
  Clock Uncertainty:      0.035ns  ((TSJ^2 + TIJ^2)^1/2 + DJ) / 2 + PE
    Total System Jitter     (TSJ):    0.071ns
    Total Input Jitter      (TIJ):    0.000ns
    Discrete Jitter          (DJ):    0.000ns
    Phase Error              (PE):    0.000ns

    Location             Delay type                Incr(ns)  Path(ns)    Netlist Resource(s)
  -------------------------------------------------------------------    -------------------
                         (clock sys_clk_pin rise edge)
                                                      0.000     0.000 r  
    W5                                                0.000     0.000 r  clk (IN)
                         net (fo=0)                   0.000     0.000    clk
    W5                   IBUF (Prop_ibuf_I_O)         1.458     1.458 r  clk_IBUF_inst/O
                         net (fo=1, routed)           1.967     3.425    clk_IBUF
    BUFGCTRL_X0Y0        BUFG (Prop_bufg_I_O)         0.096     3.521 r  clk_IBUF_BUFG_inst/O
                         net (fo=668, routed)         1.550     5.071    system_state/clk
    SLICE_X41Y62         FDRE                                         r  system_state/FSM_sequential_state_reg[2]/C
  -------------------------------------------------------------------    -------------------
    SLICE_X41Y62         FDRE (Prop_fdre_C_Q)         0.456     5.527 f  system_state/FSM_sequential_state_reg[2]/Q
                         net (fo=80, routed)          2.300     7.827    system_state/state[2]
    SLICE_X43Y55         LUT5 (Prop_lut5_I3_O)        0.124     7.951 f  system_state/counter[0]_i_3/O
                         net (fo=27, routed)          1.524     9.475    ms_countdown/counter_reg[13]_1
    SLICE_X43Y62         FDCE                                         f  ms_countdown/counter_reg[5]/CLR
  -------------------------------------------------------------------    -------------------

                         (clock sys_clk_pin rise edge)
                                                     10.000    10.000 r  
    W5                                                0.000    10.000 r  clk (IN)
                         net (fo=0)                   0.000    10.000    clk
    W5                   IBUF (Prop_ibuf_I_O)         1.388    11.388 r  clk_IBUF_inst/O
                         net (fo=1, routed)           1.862    13.250    clk_IBUF
    BUFGCTRL_X0Y0        BUFG (Prop_bufg_I_O)         0.091    13.341 r  clk_IBUF_BUFG_inst/O
                         net (fo=668, routed)         1.433    14.774    ms_countdown/clk
    SLICE_X43Y62         FDCE                                         r  ms_countdown/counter_reg[5]/C
                         clock pessimism              0.272    15.046    
                         clock uncertainty           -0.035    15.011    
    SLICE_X43Y62         FDCE (Recov_fdce_C_CLR)     -0.405    14.606    ms_countdown/counter_reg[5]
  -------------------------------------------------------------------
                         required time                         14.606    
                         arrival time                          -9.475    
  -------------------------------------------------------------------
                         slack                                  5.131    

Slack (MET) :             5.131ns  (required time - arrival time)
  Source:                 system_state/FSM_sequential_state_reg[2]/C
                            (rising edge-triggered cell FDRE clocked by sys_clk_pin  {rise@0.000ns fall@5.000ns period=10.000ns})
  Destination:            ms_countdown/counter_reg[6]/CLR
                            (recovery check against rising-edge clock sys_clk_pin  {rise@0.000ns fall@5.000ns period=10.000ns})
  Path Group:             **async_default**
  Path Type:              Recovery (Max at Slow Process Corner)
  Requirement:            10.000ns  (sys_clk_pin rise@10.000ns - sys_clk_pin rise@0.000ns)
  Data Path Delay:        4.404ns  (logic 0.580ns (13.170%)  route 3.824ns (86.830%))
  Logic Levels:           1  (LUT5=1)
  Clock Path Skew:        -0.025ns (DCD - SCD + CPR)
    Destination Clock Delay (DCD):    4.774ns = ( 14.774 - 10.000 ) 
    Source Clock Delay      (SCD):    5.071ns
    Clock Pessimism Removal (CPR):    0.272ns
  Clock Uncertainty:      0.035ns  ((TSJ^2 + TIJ^2)^1/2 + DJ) / 2 + PE
    Total System Jitter     (TSJ):    0.071ns
    Total Input Jitter      (TIJ):    0.000ns
    Discrete Jitter          (DJ):    0.000ns
    Phase Error              (PE):    0.000ns

    Location             Delay type                Incr(ns)  Path(ns)    Netlist Resource(s)
  -------------------------------------------------------------------    -------------------
                         (clock sys_clk_pin rise edge)
                                                      0.000     0.000 r  
    W5                                                0.000     0.000 r  clk (IN)
                         net (fo=0)                   0.000     0.000    clk
    W5                   IBUF (Prop_ibuf_I_O)         1.458     1.458 r  clk_IBUF_inst/O
                         net (fo=1, routed)           1.967     3.425    clk_IBUF
    BUFGCTRL_X0Y0        BUFG (Prop_bufg_I_O)         0.096     3.521 r  clk_IBUF_BUFG_inst/O
                         net (fo=668, routed)         1.550     5.071    system_state/clk
    SLICE_X41Y62         FDRE                                         r  system_state/FSM_sequential_state_reg[2]/C
  -------------------------------------------------------------------    -------------------
    SLICE_X41Y62         FDRE (Prop_fdre_C_Q)         0.456     5.527 f  system_state/FSM_sequential_state_reg[2]/Q
                         net (fo=80, routed)          2.300     7.827    system_state/state[2]
    SLICE_X43Y55         LUT5 (Prop_lut5_I3_O)        0.124     7.951 f  system_state/counter[0]_i_3/O
                         net (fo=27, routed)          1.524     9.475    ms_countdown/counter_reg[13]_1
    SLICE_X43Y62         FDCE                                         f  ms_countdown/counter_reg[6]/CLR
  -------------------------------------------------------------------    -------------------

                         (clock sys_clk_pin rise edge)
                                                     10.000    10.000 r  
    W5                                                0.000    10.000 r  clk (IN)
                         net (fo=0)                   0.000    10.000    clk
    W5                   IBUF (Prop_ibuf_I_O)         1.388    11.388 r  clk_IBUF_inst/O
                         net (fo=1, routed)           1.862    13.250    clk_IBUF
    BUFGCTRL_X0Y0        BUFG (Prop_bufg_I_O)         0.091    13.341 r  clk_IBUF_BUFG_inst/O
                         net (fo=668, routed)         1.433    14.774    ms_countdown/clk
    SLICE_X43Y62         FDCE                                         r  ms_countdown/counter_reg[6]/C
                         clock pessimism              0.272    15.046    
                         clock uncertainty           -0.035    15.011    
    SLICE_X43Y62         FDCE (Recov_fdce_C_CLR)     -0.405    14.606    ms_countdown/counter_reg[6]
  -------------------------------------------------------------------
                         required time                         14.606    
                         arrival time                          -9.475    
  -------------------------------------------------------------------
                         slack                                  5.131    

Slack (MET) :             5.131ns  (required time - arrival time)
  Source:                 system_state/FSM_sequential_state_reg[2]/C
                            (rising edge-triggered cell FDRE clocked by sys_clk_pin  {rise@0.000ns fall@5.000ns period=10.000ns})
  Destination:            ms_countdown/counter_reg[7]/CLR
                            (recovery check against rising-edge clock sys_clk_pin  {rise@0.000ns fall@5.000ns period=10.000ns})
  Path Group:             **async_default**
  Path Type:              Recovery (Max at Slow Process Corner)
  Requirement:            10.000ns  (sys_clk_pin rise@10.000ns - sys_clk_pin rise@0.000ns)
  Data Path Delay:        4.404ns  (logic 0.580ns (13.170%)  route 3.824ns (86.830%))
  Logic Levels:           1  (LUT5=1)
  Clock Path Skew:        -0.025ns (DCD - SCD + CPR)
    Destination Clock Delay (DCD):    4.774ns = ( 14.774 - 10.000 ) 
    Source Clock Delay      (SCD):    5.071ns
    Clock Pessimism Removal (CPR):    0.272ns
  Clock Uncertainty:      0.035ns  ((TSJ^2 + TIJ^2)^1/2 + DJ) / 2 + PE
    Total System Jitter     (TSJ):    0.071ns
    Total Input Jitter      (TIJ):    0.000ns
    Discrete Jitter          (DJ):    0.000ns
    Phase Error              (PE):    0.000ns

    Location             Delay type                Incr(ns)  Path(ns)    Netlist Resource(s)
  -------------------------------------------------------------------    -------------------
                         (clock sys_clk_pin rise edge)
                                                      0.000     0.000 r  
    W5                                                0.000     0.000 r  clk (IN)
                         net (fo=0)                   0.000     0.000    clk
    W5                   IBUF (Prop_ibuf_I_O)         1.458     1.458 r  clk_IBUF_inst/O
                         net (fo=1, routed)           1.967     3.425    clk_IBUF
    BUFGCTRL_X0Y0        BUFG (Prop_bufg_I_O)         0.096     3.521 r  clk_IBUF_BUFG_inst/O
                         net (fo=668, routed)         1.550     5.071    system_state/clk
    SLICE_X41Y62         FDRE                                         r  system_state/FSM_sequential_state_reg[2]/C
  -------------------------------------------------------------------    -------------------
    SLICE_X41Y62         FDRE (Prop_fdre_C_Q)         0.456     5.527 f  system_state/FSM_sequential_state_reg[2]/Q
                         net (fo=80, routed)          2.300     7.827    system_state/state[2]
    SLICE_X43Y55         LUT5 (Prop_lut5_I3_O)        0.124     7.951 f  system_state/counter[0]_i_3/O
                         net (fo=27, routed)          1.524     9.475    ms_countdown/counter_reg[13]_1
    SLICE_X43Y62         FDCE                                         f  ms_countdown/counter_reg[7]/CLR
  -------------------------------------------------------------------    -------------------

                         (clock sys_clk_pin rise edge)
                                                     10.000    10.000 r  
    W5                                                0.000    10.000 r  clk (IN)
                         net (fo=0)                   0.000    10.000    clk
    W5                   IBUF (Prop_ibuf_I_O)         1.388    11.388 r  clk_IBUF_inst/O
                         net (fo=1, routed)           1.862    13.250    clk_IBUF
    BUFGCTRL_X0Y0        BUFG (Prop_bufg_I_O)         0.091    13.341 r  clk_IBUF_BUFG_inst/O
                         net (fo=668, routed)         1.433    14.774    ms_countdown/clk
    SLICE_X43Y62         FDCE                                         r  ms_countdown/counter_reg[7]/C
                         clock pessimism              0.272    15.046    
                         clock uncertainty           -0.035    15.011    
    SLICE_X43Y62         FDCE (Recov_fdce_C_CLR)     -0.405    14.606    ms_countdown/counter_reg[7]
  -------------------------------------------------------------------
                         required time                         14.606    
                         arrival time                          -9.475    
  -------------------------------------------------------------------
                         slack                                  5.131    





Min Delay Paths
--------------------------------------------------------------------------------------
Slack (MET) :             1.008ns  (arrival time - required time)
  Source:                 gen_debouncer[3].gen_debouncer_stage[15].db/debounced_output_reg/C
                            (rising edge-triggered cell FDCE clocked by sys_clk_pin  {rise@0.000ns fall@5.000ns period=10.000ns})
  Destination:            ms_counter/counter_reg[12]/CLR
                            (removal check against rising-edge clock sys_clk_pin  {rise@0.000ns fall@5.000ns period=10.000ns})
  Path Group:             **async_default**
  Path Type:              Removal (Min at Fast Process Corner)
  Requirement:            0.000ns  (sys_clk_pin rise@0.000ns - sys_clk_pin rise@0.000ns)
  Data Path Delay:        0.950ns  (logic 0.186ns (19.578%)  route 0.764ns (80.422%))
  Logic Levels:           1  (LUT5=1)
  Clock Path Skew:        0.034ns (DCD - SCD - CPR)
    Destination Clock Delay (DCD):    1.959ns
    Source Clock Delay      (SCD):    1.447ns
    Clock Pessimism Removal (CPR):    0.478ns

    Location             Delay type                Incr(ns)  Path(ns)    Netlist Resource(s)
  -------------------------------------------------------------------    -------------------
                         (clock sys_clk_pin rise edge)
                                                      0.000     0.000 r  
    W5                                                0.000     0.000 r  clk (IN)
                         net (fo=0)                   0.000     0.000    clk
    W5                   IBUF (Prop_ibuf_I_O)         0.226     0.226 r  clk_IBUF_inst/O
                         net (fo=1, routed)           0.631     0.858    clk_IBUF
    BUFGCTRL_X0Y0        BUFG (Prop_bufg_I_O)         0.026     0.884 r  clk_IBUF_BUFG_inst/O
                         net (fo=668, routed)         0.564     1.447    gen_debouncer[3].gen_debouncer_stage[15].db/clk
    SLICE_X49Y55         FDCE                                         r  gen_debouncer[3].gen_debouncer_stage[15].db/debounced_output_reg/C
  -------------------------------------------------------------------    -------------------
    SLICE_X49Y55         FDCE (Prop_fdce_C_Q)         0.141     1.588 f  gen_debouncer[3].gen_debouncer_stage[15].db/debounced_output_reg/Q
                         net (fo=5, routed)           0.564     2.152    system_state/gen_debouncer[3].gen_debouncer_stage[15].out
    SLICE_X43Y55         LUT5 (Prop_lut5_I0_O)        0.045     2.197 f  system_state/counter[0]_i_3/O
                         net (fo=27, routed)          0.200     2.397    ms_counter/counter_reg[12]_8
    SLICE_X44Y54         FDCE                                         f  ms_counter/counter_reg[12]/CLR
  -------------------------------------------------------------------    -------------------

                         (clock sys_clk_pin rise edge)
                                                      0.000     0.000 r  
    W5                                                0.000     0.000 r  clk (IN)
                         net (fo=0)                   0.000     0.000    clk
    W5                   IBUF (Prop_ibuf_I_O)         0.414     0.414 r  clk_IBUF_inst/O
                         net (fo=1, routed)           0.685     1.099    clk_IBUF
    BUFGCTRL_X0Y0        BUFG (Prop_bufg_I_O)         0.029     1.128 r  clk_IBUF_BUFG_inst/O
                         net (fo=668, routed)         0.831     1.959    ms_counter/clk
    SLICE_X44Y54         FDCE                                         r  ms_counter/counter_reg[12]/C
                         clock pessimism             -0.478     1.481    
    SLICE_X44Y54         FDCE (Remov_fdce_C_CLR)     -0.092     1.389    ms_counter/counter_reg[12]
  -------------------------------------------------------------------
                         required time                         -1.389    
                         arrival time                           2.397    
  -------------------------------------------------------------------
                         slack                                  1.008    

Slack (MET) :             1.071ns  (arrival time - required time)
  Source:                 gen_debouncer[3].gen_debouncer_stage[15].db/debounced_output_reg/C
                            (rising edge-triggered cell FDCE clocked by sys_clk_pin  {rise@0.000ns fall@5.000ns period=10.000ns})
  Destination:            ms_counter/counter_reg[10]/CLR
                            (removal check against rising-edge clock sys_clk_pin  {rise@0.000ns fall@5.000ns period=10.000ns})
  Path Group:             **async_default**
  Path Type:              Removal (Min at Fast Process Corner)
  Requirement:            0.000ns  (sys_clk_pin rise@0.000ns - sys_clk_pin rise@0.000ns)
  Data Path Delay:        1.013ns  (logic 0.186ns (18.365%)  route 0.827ns (81.635%))
  Logic Levels:           1  (LUT5=1)
  Clock Path Skew:        0.034ns (DCD - SCD - CPR)
    Destination Clock Delay (DCD):    1.959ns
    Source Clock Delay      (SCD):    1.447ns
    Clock Pessimism Removal (CPR):    0.478ns

    Location             Delay type                Incr(ns)  Path(ns)    Netlist Resource(s)
  -------------------------------------------------------------------    -------------------
                         (clock sys_clk_pin rise edge)
                                                      0.000     0.000 r  
    W5                                                0.000     0.000 r  clk (IN)
                         net (fo=0)                   0.000     0.000    clk
    W5                   IBUF (Prop_ibuf_I_O)         0.226     0.226 r  clk_IBUF_inst/O
                         net (fo=1, routed)           0.631     0.858    clk_IBUF
    BUFGCTRL_X0Y0        BUFG (Prop_bufg_I_O)         0.026     0.884 r  clk_IBUF_BUFG_inst/O
                         net (fo=668, routed)         0.564     1.447    gen_debouncer[3].gen_debouncer_stage[15].db/clk
    SLICE_X49Y55         FDCE                                         r  gen_debouncer[3].gen_debouncer_stage[15].db/debounced_output_reg/C
  -------------------------------------------------------------------    -------------------
    SLICE_X49Y55         FDCE (Prop_fdce_C_Q)         0.141     1.588 f  gen_debouncer[3].gen_debouncer_stage[15].db/debounced_output_reg/Q
                         net (fo=5, routed)           0.564     2.152    system_state/gen_debouncer[3].gen_debouncer_stage[15].out
    SLICE_X43Y55         LUT5 (Prop_lut5_I0_O)        0.045     2.197 f  system_state/counter[0]_i_3/O
                         net (fo=27, routed)          0.263     2.460    ms_counter/counter_reg[12]_8
    SLICE_X44Y53         FDCE                                         f  ms_counter/counter_reg[10]/CLR
  -------------------------------------------------------------------    -------------------

                         (clock sys_clk_pin rise edge)
                                                      0.000     0.000 r  
    W5                                                0.000     0.000 r  clk (IN)
                         net (fo=0)                   0.000     0.000    clk
    W5                   IBUF (Prop_ibuf_I_O)         0.414     0.414 r  clk_IBUF_inst/O
                         net (fo=1, routed)           0.685     1.099    clk_IBUF
    BUFGCTRL_X0Y0        BUFG (Prop_bufg_I_O)         0.029     1.128 r  clk_IBUF_BUFG_inst/O
                         net (fo=668, routed)         0.831     1.959    ms_counter/clk
    SLICE_X44Y53         FDCE                                         r  ms_counter/counter_reg[10]/C
                         clock pessimism             -0.478     1.481    
    SLICE_X44Y53         FDCE (Remov_fdce_C_CLR)     -0.092     1.389    ms_counter/counter_reg[10]
  -------------------------------------------------------------------
                         required time                         -1.389    
                         arrival time                           2.460    
  -------------------------------------------------------------------
                         slack                                  1.071    

Slack (MET) :             1.071ns  (arrival time - required time)
  Source:                 gen_debouncer[3].gen_debouncer_stage[15].db/debounced_output_reg/C
                            (rising edge-triggered cell FDCE clocked by sys_clk_pin  {rise@0.000ns fall@5.000ns period=10.000ns})
  Destination:            ms_counter/counter_reg[11]/CLR
                            (removal check against rising-edge clock sys_clk_pin  {rise@0.000ns fall@5.000ns period=10.000ns})
  Path Group:             **async_default**
  Path Type:              Removal (Min at Fast Process Corner)
  Requirement:            0.000ns  (sys_clk_pin rise@0.000ns - sys_clk_pin rise@0.000ns)
  Data Path Delay:        1.013ns  (logic 0.186ns (18.365%)  route 0.827ns (81.635%))
  Logic Levels:           1  (LUT5=1)
  Clock Path Skew:        0.034ns (DCD - SCD - CPR)
    Destination Clock Delay (DCD):    1.959ns
    Source Clock Delay      (SCD):    1.447ns
    Clock Pessimism Removal (CPR):    0.478ns

    Location             Delay type                Incr(ns)  Path(ns)    Netlist Resource(s)
  -------------------------------------------------------------------    -------------------
                         (clock sys_clk_pin rise edge)
                                                      0.000     0.000 r  
    W5                                                0.000     0.000 r  clk (IN)
                         net (fo=0)                   0.000     0.000    clk
    W5                   IBUF (Prop_ibuf_I_O)         0.226     0.226 r  clk_IBUF_inst/O
                         net (fo=1, routed)           0.631     0.858    clk_IBUF
    BUFGCTRL_X0Y0        BUFG (Prop_bufg_I_O)         0.026     0.884 r  clk_IBUF_BUFG_inst/O
                         net (fo=668, routed)         0.564     1.447    gen_debouncer[3].gen_debouncer_stage[15].db/clk
    SLICE_X49Y55         FDCE                                         r  gen_debouncer[3].gen_debouncer_stage[15].db/debounced_output_reg/C
  -------------------------------------------------------------------    -------------------
    SLICE_X49Y55         FDCE (Prop_fdce_C_Q)         0.141     1.588 f  gen_debouncer[3].gen_debouncer_stage[15].db/debounced_output_reg/Q
                         net (fo=5, routed)           0.564     2.152    system_state/gen_debouncer[3].gen_debouncer_stage[15].out
    SLICE_X43Y55         LUT5 (Prop_lut5_I0_O)        0.045     2.197 f  system_state/counter[0]_i_3/O
                         net (fo=27, routed)          0.263     2.460    ms_counter/counter_reg[12]_8
    SLICE_X44Y53         FDCE                                         f  ms_counter/counter_reg[11]/CLR
  -------------------------------------------------------------------    -------------------

                         (clock sys_clk_pin rise edge)
                                                      0.000     0.000 r  
    W5                                                0.000     0.000 r  clk (IN)
                         net (fo=0)                   0.000     0.000    clk
    W5                   IBUF (Prop_ibuf_I_O)         0.414     0.414 r  clk_IBUF_inst/O
                         net (fo=1, routed)           0.685     1.099    clk_IBUF
    BUFGCTRL_X0Y0        BUFG (Prop_bufg_I_O)         0.029     1.128 r  clk_IBUF_BUFG_inst/O
                         net (fo=668, routed)         0.831     1.959    ms_counter/clk
    SLICE_X44Y53         FDCE                                         r  ms_counter/counter_reg[11]/C
                         clock pessimism             -0.478     1.481    
    SLICE_X44Y53         FDCE (Remov_fdce_C_CLR)     -0.092     1.389    ms_counter/counter_reg[11]
  -------------------------------------------------------------------
                         required time                         -1.389    
                         arrival time                           2.460    
  -------------------------------------------------------------------
                         slack                                  1.071    

Slack (MET) :             1.071ns  (arrival time - required time)
  Source:                 gen_debouncer[3].gen_debouncer_stage[15].db/debounced_output_reg/C
                            (rising edge-triggered cell FDCE clocked by sys_clk_pin  {rise@0.000ns fall@5.000ns period=10.000ns})
  Destination:            ms_counter/counter_reg[8]/CLR
                            (removal check against rising-edge clock sys_clk_pin  {rise@0.000ns fall@5.000ns period=10.000ns})
  Path Group:             **async_default**
  Path Type:              Removal (Min at Fast Process Corner)
  Requirement:            0.000ns  (sys_clk_pin rise@0.000ns - sys_clk_pin rise@0.000ns)
  Data Path Delay:        1.013ns  (logic 0.186ns (18.365%)  route 0.827ns (81.635%))
  Logic Levels:           1  (LUT5=1)
  Clock Path Skew:        0.034ns (DCD - SCD - CPR)
    Destination Clock Delay (DCD):    1.959ns
    Source Clock Delay      (SCD):    1.447ns
    Clock Pessimism Removal (CPR):    0.478ns

    Location             Delay type                Incr(ns)  Path(ns)    Netlist Resource(s)
  -------------------------------------------------------------------    -------------------
                         (clock sys_clk_pin rise edge)
                                                      0.000     0.000 r  
    W5                                                0.000     0.000 r  clk (IN)
                         net (fo=0)                   0.000     0.000    clk
    W5                   IBUF (Prop_ibuf_I_O)         0.226     0.226 r  clk_IBUF_inst/O
                         net (fo=1, routed)           0.631     0.858    clk_IBUF
    BUFGCTRL_X0Y0        BUFG (Prop_bufg_I_O)         0.026     0.884 r  clk_IBUF_BUFG_inst/O
                         net (fo=668, routed)         0.564     1.447    gen_debouncer[3].gen_debouncer_stage[15].db/clk
    SLICE_X49Y55         FDCE                                         r  gen_debouncer[3].gen_debouncer_stage[15].db/debounced_output_reg/C
  -------------------------------------------------------------------    -------------------
    SLICE_X49Y55         FDCE (Prop_fdce_C_Q)         0.141     1.588 f  gen_debouncer[3].gen_debouncer_stage[15].db/debounced_output_reg/Q
                         net (fo=5, routed)           0.564     2.152    system_state/gen_debouncer[3].gen_debouncer_stage[15].out
    SLICE_X43Y55         LUT5 (Prop_lut5_I0_O)        0.045     2.197 f  system_state/counter[0]_i_3/O
                         net (fo=27, routed)          0.263     2.460    ms_counter/counter_reg[12]_8
    SLICE_X44Y53         FDCE                                         f  ms_counter/counter_reg[8]/CLR
  -------------------------------------------------------------------    -------------------

                         (clock sys_clk_pin rise edge)
                                                      0.000     0.000 r  
    W5                                                0.000     0.000 r  clk (IN)
                         net (fo=0)                   0.000     0.000    clk
    W5                   IBUF (Prop_ibuf_I_O)         0.414     0.414 r  clk_IBUF_inst/O
                         net (fo=1, routed)           0.685     1.099    clk_IBUF
    BUFGCTRL_X0Y0        BUFG (Prop_bufg_I_O)         0.029     1.128 r  clk_IBUF_BUFG_inst/O
                         net (fo=668, routed)         0.831     1.959    ms_counter/clk
    SLICE_X44Y53         FDCE                                         r  ms_counter/counter_reg[8]/C
                         clock pessimism             -0.478     1.481    
    SLICE_X44Y53         FDCE (Remov_fdce_C_CLR)     -0.092     1.389    ms_counter/counter_reg[8]
  -------------------------------------------------------------------
                         required time                         -1.389    
                         arrival time                           2.460    
  -------------------------------------------------------------------
                         slack                                  1.071    

Slack (MET) :             1.071ns  (arrival time - required time)
  Source:                 gen_debouncer[3].gen_debouncer_stage[15].db/debounced_output_reg/C
                            (rising edge-triggered cell FDCE clocked by sys_clk_pin  {rise@0.000ns fall@5.000ns period=10.000ns})
  Destination:            ms_counter/counter_reg[9]/CLR
                            (removal check against rising-edge clock sys_clk_pin  {rise@0.000ns fall@5.000ns period=10.000ns})
  Path Group:             **async_default**
  Path Type:              Removal (Min at Fast Process Corner)
  Requirement:            0.000ns  (sys_clk_pin rise@0.000ns - sys_clk_pin rise@0.000ns)
  Data Path Delay:        1.013ns  (logic 0.186ns (18.365%)  route 0.827ns (81.635%))
  Logic Levels:           1  (LUT5=1)
  Clock Path Skew:        0.034ns (DCD - SCD - CPR)
    Destination Clock Delay (DCD):    1.959ns
    Source Clock Delay      (SCD):    1.447ns
    Clock Pessimism Removal (CPR):    0.478ns

    Location             Delay type                Incr(ns)  Path(ns)    Netlist Resource(s)
  -------------------------------------------------------------------    -------------------
                         (clock sys_clk_pin rise edge)
                                                      0.000     0.000 r  
    W5                                                0.000     0.000 r  clk (IN)
                         net (fo=0)                   0.000     0.000    clk
    W5                   IBUF (Prop_ibuf_I_O)         0.226     0.226 r  clk_IBUF_inst/O
                         net (fo=1, routed)           0.631     0.858    clk_IBUF
    BUFGCTRL_X0Y0        BUFG (Prop_bufg_I_O)         0.026     0.884 r  clk_IBUF_BUFG_inst/O
                         net (fo=668, routed)         0.564     1.447    gen_debouncer[3].gen_debouncer_stage[15].db/clk
    SLICE_X49Y55         FDCE                                         r  gen_debouncer[3].gen_debouncer_stage[15].db/debounced_output_reg/C
  -------------------------------------------------------------------    -------------------
    SLICE_X49Y55         FDCE (Prop_fdce_C_Q)         0.141     1.588 f  gen_debouncer[3].gen_debouncer_stage[15].db/debounced_output_reg/Q
                         net (fo=5, routed)           0.564     2.152    system_state/gen_debouncer[3].gen_debouncer_stage[15].out
    SLICE_X43Y55         LUT5 (Prop_lut5_I0_O)        0.045     2.197 f  system_state/counter[0]_i_3/O
                         net (fo=27, routed)          0.263     2.460    ms_counter/counter_reg[12]_8
    SLICE_X44Y53         FDCE                                         f  ms_counter/counter_reg[9]/CLR
  -------------------------------------------------------------------    -------------------

                         (clock sys_clk_pin rise edge)
                                                      0.000     0.000 r  
    W5                                                0.000     0.000 r  clk (IN)
                         net (fo=0)                   0.000     0.000    clk
    W5                   IBUF (Prop_ibuf_I_O)         0.414     0.414 r  clk_IBUF_inst/O
                         net (fo=1, routed)           0.685     1.099    clk_IBUF
    BUFGCTRL_X0Y0        BUFG (Prop_bufg_I_O)         0.029     1.128 r  clk_IBUF_BUFG_inst/O
                         net (fo=668, routed)         0.831     1.959    ms_counter/clk
    SLICE_X44Y53         FDCE                                         r  ms_counter/counter_reg[9]/C
                         clock pessimism             -0.478     1.481    
    SLICE_X44Y53         FDCE (Remov_fdce_C_CLR)     -0.092     1.389    ms_counter/counter_reg[9]
  -------------------------------------------------------------------
                         required time                         -1.389    
                         arrival time                           2.460    
  -------------------------------------------------------------------
                         slack                                  1.071    

Slack (MET) :             1.124ns  (arrival time - required time)
  Source:                 gen_debouncer[3].gen_debouncer_stage[15].db/debounced_output_reg/C
                            (rising edge-triggered cell FDCE clocked by sys_clk_pin  {rise@0.000ns fall@5.000ns period=10.000ns})
  Destination:            ms_counter/counter_reg[4]/CLR
                            (removal check against rising-edge clock sys_clk_pin  {rise@0.000ns fall@5.000ns period=10.000ns})
  Path Group:             **async_default**
  Path Type:              Removal (Min at Fast Process Corner)
  Requirement:            0.000ns  (sys_clk_pin rise@0.000ns - sys_clk_pin rise@0.000ns)
  Data Path Delay:        1.067ns  (logic 0.186ns (17.437%)  route 0.881ns (82.563%))
  Logic Levels:           1  (LUT5=1)
  Clock Path Skew:        0.035ns (DCD - SCD - CPR)
    Destination Clock Delay (DCD):    1.960ns
    Source Clock Delay      (SCD):    1.447ns
    Clock Pessimism Removal (CPR):    0.478ns

    Location             Delay type                Incr(ns)  Path(ns)    Netlist Resource(s)
  -------------------------------------------------------------------    -------------------
                         (clock sys_clk_pin rise edge)
                                                      0.000     0.000 r  
    W5                                                0.000     0.000 r  clk (IN)
                         net (fo=0)                   0.000     0.000    clk
    W5                   IBUF (Prop_ibuf_I_O)         0.226     0.226 r  clk_IBUF_inst/O
                         net (fo=1, routed)           0.631     0.858    clk_IBUF
    BUFGCTRL_X0Y0        BUFG (Prop_bufg_I_O)         0.026     0.884 r  clk_IBUF_BUFG_inst/O
                         net (fo=668, routed)         0.564     1.447    gen_debouncer[3].gen_debouncer_stage[15].db/clk
    SLICE_X49Y55         FDCE                                         r  gen_debouncer[3].gen_debouncer_stage[15].db/debounced_output_reg/C
  -------------------------------------------------------------------    -------------------
    SLICE_X49Y55         FDCE (Prop_fdce_C_Q)         0.141     1.588 f  gen_debouncer[3].gen_debouncer_stage[15].db/debounced_output_reg/Q
                         net (fo=5, routed)           0.564     2.152    system_state/gen_debouncer[3].gen_debouncer_stage[15].out
    SLICE_X43Y55         LUT5 (Prop_lut5_I0_O)        0.045     2.197 f  system_state/counter[0]_i_3/O
                         net (fo=27, routed)          0.317     2.514    ms_counter/counter_reg[12]_8
    SLICE_X44Y52         FDCE                                         f  ms_counter/counter_reg[4]/CLR
  -------------------------------------------------------------------    -------------------

                         (clock sys_clk_pin rise edge)
                                                      0.000     0.000 r  
    W5                                                0.000     0.000 r  clk (IN)
                         net (fo=0)                   0.000     0.000    clk
    W5                   IBUF (Prop_ibuf_I_O)         0.414     0.414 r  clk_IBUF_inst/O
                         net (fo=1, routed)           0.685     1.099    clk_IBUF
    BUFGCTRL_X0Y0        BUFG (Prop_bufg_I_O)         0.029     1.128 r  clk_IBUF_BUFG_inst/O
                         net (fo=668, routed)         0.833     1.960    ms_counter/clk
    SLICE_X44Y52         FDCE                                         r  ms_counter/counter_reg[4]/C
                         clock pessimism             -0.478     1.482    
    SLICE_X44Y52         FDCE (Remov_fdce_C_CLR)     -0.092     1.390    ms_counter/counter_reg[4]
  -------------------------------------------------------------------
                         required time                         -1.390    
                         arrival time                           2.514    
  -------------------------------------------------------------------
                         slack                                  1.124    

Slack (MET) :             1.124ns  (arrival time - required time)
  Source:                 gen_debouncer[3].gen_debouncer_stage[15].db/debounced_output_reg/C
                            (rising edge-triggered cell FDCE clocked by sys_clk_pin  {rise@0.000ns fall@5.000ns period=10.000ns})
  Destination:            ms_counter/counter_reg[5]/CLR
                            (removal check against rising-edge clock sys_clk_pin  {rise@0.000ns fall@5.000ns period=10.000ns})
  Path Group:             **async_default**
  Path Type:              Removal (Min at Fast Process Corner)
  Requirement:            0.000ns  (sys_clk_pin rise@0.000ns - sys_clk_pin rise@0.000ns)
  Data Path Delay:        1.067ns  (logic 0.186ns (17.437%)  route 0.881ns (82.563%))
  Logic Levels:           1  (LUT5=1)
  Clock Path Skew:        0.035ns (DCD - SCD - CPR)
    Destination Clock Delay (DCD):    1.960ns
    Source Clock Delay      (SCD):    1.447ns
    Clock Pessimism Removal (CPR):    0.478ns

    Location             Delay type                Incr(ns)  Path(ns)    Netlist Resource(s)
  -------------------------------------------------------------------    -------------------
                         (clock sys_clk_pin rise edge)
                                                      0.000     0.000 r  
    W5                                                0.000     0.000 r  clk (IN)
                         net (fo=0)                   0.000     0.000    clk
    W5                   IBUF (Prop_ibuf_I_O)         0.226     0.226 r  clk_IBUF_inst/O
                         net (fo=1, routed)           0.631     0.858    clk_IBUF
    BUFGCTRL_X0Y0        BUFG (Prop_bufg_I_O)         0.026     0.884 r  clk_IBUF_BUFG_inst/O
                         net (fo=668, routed)         0.564     1.447    gen_debouncer[3].gen_debouncer_stage[15].db/clk
    SLICE_X49Y55         FDCE                                         r  gen_debouncer[3].gen_debouncer_stage[15].db/debounced_output_reg/C
  -------------------------------------------------------------------    -------------------
    SLICE_X49Y55         FDCE (Prop_fdce_C_Q)         0.141     1.588 f  gen_debouncer[3].gen_debouncer_stage[15].db/debounced_output_reg/Q
                         net (fo=5, routed)           0.564     2.152    system_state/gen_debouncer[3].gen_debouncer_stage[15].out
    SLICE_X43Y55         LUT5 (Prop_lut5_I0_O)        0.045     2.197 f  system_state/counter[0]_i_3/O
                         net (fo=27, routed)          0.317     2.514    ms_counter/counter_reg[12]_8
    SLICE_X44Y52         FDCE                                         f  ms_counter/counter_reg[5]/CLR
  -------------------------------------------------------------------    -------------------

                         (clock sys_clk_pin rise edge)
                                                      0.000     0.000 r  
    W5                                                0.000     0.000 r  clk (IN)
                         net (fo=0)                   0.000     0.000    clk
    W5                   IBUF (Prop_ibuf_I_O)         0.414     0.414 r  clk_IBUF_inst/O
                         net (fo=1, routed)           0.685     1.099    clk_IBUF
    BUFGCTRL_X0Y0        BUFG (Prop_bufg_I_O)         0.029     1.128 r  clk_IBUF_BUFG_inst/O
                         net (fo=668, routed)         0.833     1.960    ms_counter/clk
    SLICE_X44Y52         FDCE                                         r  ms_counter/counter_reg[5]/C
                         clock pessimism             -0.478     1.482    
    SLICE_X44Y52         FDCE (Remov_fdce_C_CLR)     -0.092     1.390    ms_counter/counter_reg[5]
  -------------------------------------------------------------------
                         required time                         -1.390    
                         arrival time                           2.514    
  -------------------------------------------------------------------
                         slack                                  1.124    

Slack (MET) :             1.124ns  (arrival time - required time)
  Source:                 gen_debouncer[3].gen_debouncer_stage[15].db/debounced_output_reg/C
                            (rising edge-triggered cell FDCE clocked by sys_clk_pin  {rise@0.000ns fall@5.000ns period=10.000ns})
  Destination:            ms_counter/counter_reg[6]/CLR
                            (removal check against rising-edge clock sys_clk_pin  {rise@0.000ns fall@5.000ns period=10.000ns})
  Path Group:             **async_default**
  Path Type:              Removal (Min at Fast Process Corner)
  Requirement:            0.000ns  (sys_clk_pin rise@0.000ns - sys_clk_pin rise@0.000ns)
  Data Path Delay:        1.067ns  (logic 0.186ns (17.437%)  route 0.881ns (82.563%))
  Logic Levels:           1  (LUT5=1)
  Clock Path Skew:        0.035ns (DCD - SCD - CPR)
    Destination Clock Delay (DCD):    1.960ns
    Source Clock Delay      (SCD):    1.447ns
    Clock Pessimism Removal (CPR):    0.478ns

    Location             Delay type                Incr(ns)  Path(ns)    Netlist Resource(s)
  -------------------------------------------------------------------    -------------------
                         (clock sys_clk_pin rise edge)
                                                      0.000     0.000 r  
    W5                                                0.000     0.000 r  clk (IN)
                         net (fo=0)                   0.000     0.000    clk
    W5                   IBUF (Prop_ibuf_I_O)         0.226     0.226 r  clk_IBUF_inst/O
                         net (fo=1, routed)           0.631     0.858    clk_IBUF
    BUFGCTRL_X0Y0        BUFG (Prop_bufg_I_O)         0.026     0.884 r  clk_IBUF_BUFG_inst/O
                         net (fo=668, routed)         0.564     1.447    gen_debouncer[3].gen_debouncer_stage[15].db/clk
    SLICE_X49Y55         FDCE                                         r  gen_debouncer[3].gen_debouncer_stage[15].db/debounced_output_reg/C
  -------------------------------------------------------------------    -------------------
    SLICE_X49Y55         FDCE (Prop_fdce_C_Q)         0.141     1.588 f  gen_debouncer[3].gen_debouncer_stage[15].db/debounced_output_reg/Q
                         net (fo=5, routed)           0.564     2.152    system_state/gen_debouncer[3].gen_debouncer_stage[15].out
    SLICE_X43Y55         LUT5 (Prop_lut5_I0_O)        0.045     2.197 f  system_state/counter[0]_i_3/O
                         net (fo=27, routed)          0.317     2.514    ms_counter/counter_reg[12]_8
    SLICE_X44Y52         FDCE                                         f  ms_counter/counter_reg[6]/CLR
  -------------------------------------------------------------------    -------------------

                         (clock sys_clk_pin rise edge)
                                                      0.000     0.000 r  
    W5                                                0.000     0.000 r  clk (IN)
                         net (fo=0)                   0.000     0.000    clk
    W5                   IBUF (Prop_ibuf_I_O)         0.414     0.414 r  clk_IBUF_inst/O
                         net (fo=1, routed)           0.685     1.099    clk_IBUF
    BUFGCTRL_X0Y0        BUFG (Prop_bufg_I_O)         0.029     1.128 r  clk_IBUF_BUFG_inst/O
                         net (fo=668, routed)         0.833     1.960    ms_counter/clk
    SLICE_X44Y52         FDCE                                         r  ms_counter/counter_reg[6]/C
                         clock pessimism             -0.478     1.482    
    SLICE_X44Y52         FDCE (Remov_fdce_C_CLR)     -0.092     1.390    ms_counter/counter_reg[6]
  -------------------------------------------------------------------
                         required time                         -1.390    
                         arrival time                           2.514    
  -------------------------------------------------------------------
                         slack                                  1.124    

Slack (MET) :             1.124ns  (arrival time - required time)
  Source:                 gen_debouncer[3].gen_debouncer_stage[15].db/debounced_output_reg/C
                            (rising edge-triggered cell FDCE clocked by sys_clk_pin  {rise@0.000ns fall@5.000ns period=10.000ns})
  Destination:            ms_counter/counter_reg[7]/CLR
                            (removal check against rising-edge clock sys_clk_pin  {rise@0.000ns fall@5.000ns period=10.000ns})
  Path Group:             **async_default**
  Path Type:              Removal (Min at Fast Process Corner)
  Requirement:            0.000ns  (sys_clk_pin rise@0.000ns - sys_clk_pin rise@0.000ns)
  Data Path Delay:        1.067ns  (logic 0.186ns (17.437%)  route 0.881ns (82.563%))
  Logic Levels:           1  (LUT5=1)
  Clock Path Skew:        0.035ns (DCD - SCD - CPR)
    Destination Clock Delay (DCD):    1.960ns
    Source Clock Delay      (SCD):    1.447ns
    Clock Pessimism Removal (CPR):    0.478ns

    Location             Delay type                Incr(ns)  Path(ns)    Netlist Resource(s)
  -------------------------------------------------------------------    -------------------
                         (clock sys_clk_pin rise edge)
                                                      0.000     0.000 r  
    W5                                                0.000     0.000 r  clk (IN)
                         net (fo=0)                   0.000     0.000    clk
    W5                   IBUF (Prop_ibuf_I_O)         0.226     0.226 r  clk_IBUF_inst/O
                         net (fo=1, routed)           0.631     0.858    clk_IBUF
    BUFGCTRL_X0Y0        BUFG (Prop_bufg_I_O)         0.026     0.884 r  clk_IBUF_BUFG_inst/O
                         net (fo=668, routed)         0.564     1.447    gen_debouncer[3].gen_debouncer_stage[15].db/clk
    SLICE_X49Y55         FDCE                                         r  gen_debouncer[3].gen_debouncer_stage[15].db/debounced_output_reg/C
  -------------------------------------------------------------------    -------------------
    SLICE_X49Y55         FDCE (Prop_fdce_C_Q)         0.141     1.588 f  gen_debouncer[3].gen_debouncer_stage[15].db/debounced_output_reg/Q
                         net (fo=5, routed)           0.564     2.152    system_state/gen_debouncer[3].gen_debouncer_stage[15].out
    SLICE_X43Y55         LUT5 (Prop_lut5_I0_O)        0.045     2.197 f  system_state/counter[0]_i_3/O
                         net (fo=27, routed)          0.317     2.514    ms_counter/counter_reg[12]_8
    SLICE_X44Y52         FDCE                                         f  ms_counter/counter_reg[7]/CLR
  -------------------------------------------------------------------    -------------------

                         (clock sys_clk_pin rise edge)
                                                      0.000     0.000 r  
    W5                                                0.000     0.000 r  clk (IN)
                         net (fo=0)                   0.000     0.000    clk
    W5                   IBUF (Prop_ibuf_I_O)         0.414     0.414 r  clk_IBUF_inst/O
                         net (fo=1, routed)           0.685     1.099    clk_IBUF
    BUFGCTRL_X0Y0        BUFG (Prop_bufg_I_O)         0.029     1.128 r  clk_IBUF_BUFG_inst/O
                         net (fo=668, routed)         0.833     1.960    ms_counter/clk
    SLICE_X44Y52         FDCE                                         r  ms_counter/counter_reg[7]/C
                         clock pessimism             -0.478     1.482    
    SLICE_X44Y52         FDCE (Remov_fdce_C_CLR)     -0.092     1.390    ms_counter/counter_reg[7]
  -------------------------------------------------------------------
                         required time                         -1.390    
                         arrival time                           2.514    
  -------------------------------------------------------------------
                         slack                                  1.124    

Slack (MET) :             1.130ns  (arrival time - required time)
  Source:                 gen_debouncer[3].gen_debouncer_stage[15].db/debounced_output_reg/C
                            (rising edge-triggered cell FDCE clocked by sys_clk_pin  {rise@0.000ns fall@5.000ns period=10.000ns})
  Destination:            ms_counter/counter_reg[0]/CLR
                            (removal check against rising-edge clock sys_clk_pin  {rise@0.000ns fall@5.000ns period=10.000ns})
  Path Group:             **async_default**
  Path Type:              Removal (Min at Fast Process Corner)
  Requirement:            0.000ns  (sys_clk_pin rise@0.000ns - sys_clk_pin rise@0.000ns)
  Data Path Delay:        1.073ns  (logic 0.186ns (17.336%)  route 0.887ns (82.664%))
  Logic Levels:           1  (LUT5=1)
  Clock Path Skew:        0.035ns (DCD - SCD - CPR)
    Destination Clock Delay (DCD):    1.960ns
    Source Clock Delay      (SCD):    1.447ns
    Clock Pessimism Removal (CPR):    0.478ns

    Location             Delay type                Incr(ns)  Path(ns)    Netlist Resource(s)
  -------------------------------------------------------------------    -------------------
                         (clock sys_clk_pin rise edge)
                                                      0.000     0.000 r  
    W5                                                0.000     0.000 r  clk (IN)
                         net (fo=0)                   0.000     0.000    clk
    W5                   IBUF (Prop_ibuf_I_O)         0.226     0.226 r  clk_IBUF_inst/O
                         net (fo=1, routed)           0.631     0.858    clk_IBUF
    BUFGCTRL_X0Y0        BUFG (Prop_bufg_I_O)         0.026     0.884 r  clk_IBUF_BUFG_inst/O
                         net (fo=668, routed)         0.564     1.447    gen_debouncer[3].gen_debouncer_stage[15].db/clk
    SLICE_X49Y55         FDCE                                         r  gen_debouncer[3].gen_debouncer_stage[15].db/debounced_output_reg/C
  -------------------------------------------------------------------    -------------------
    SLICE_X49Y55         FDCE (Prop_fdce_C_Q)         0.141     1.588 f  gen_debouncer[3].gen_debouncer_stage[15].db/debounced_output_reg/Q
                         net (fo=5, routed)           0.564     2.152    system_state/gen_debouncer[3].gen_debouncer_stage[15].out
    SLICE_X43Y55         LUT5 (Prop_lut5_I0_O)        0.045     2.197 f  system_state/counter[0]_i_3/O
                         net (fo=27, routed)          0.323     2.520    ms_counter/counter_reg[12]_8
    SLICE_X44Y51         FDCE                                         f  ms_counter/counter_reg[0]/CLR
  -------------------------------------------------------------------    -------------------

                         (clock sys_clk_pin rise edge)
                                                      0.000     0.000 r  
    W5                                                0.000     0.000 r  clk (IN)
                         net (fo=0)                   0.000     0.000    clk
    W5                   IBUF (Prop_ibuf_I_O)         0.414     0.414 r  clk_IBUF_inst/O
                         net (fo=1, routed)           0.685     1.099    clk_IBUF
    BUFGCTRL_X0Y0        BUFG (Prop_bufg_I_O)         0.029     1.128 r  clk_IBUF_BUFG_inst/O
                         net (fo=668, routed)         0.833     1.960    ms_counter/clk
    SLICE_X44Y51         FDCE                                         r  ms_counter/counter_reg[0]/C
                         clock pessimism             -0.478     1.482    
    SLICE_X44Y51         FDCE (Remov_fdce_C_CLR)     -0.092     1.390    ms_counter/counter_reg[0]
  -------------------------------------------------------------------
                         required time                         -1.390    
                         arrival time                           2.520    
  -------------------------------------------------------------------
                         slack                                  1.130    





--------------------------------------------------------------------------------------
Path Group:  (none)
From Clock:  sys_clk_pin
  To Clock:  

Max Delay            14 Endpoints
Min Delay            14 Endpoints
--------------------------------------------------------------------------------------


Max Delay Paths
--------------------------------------------------------------------------------------
Slack:                    inf
  Source:                 hist_rd_reg[1]/C
                            (rising edge-triggered cell FDCE clocked by sys_clk_pin  {rise@0.000ns fall@5.000ns period=10.000ns})
  Destination:            seg[0]
                            (output port)
  Path Group:             (none)
  Path Type:              Max at Slow Process Corner
  Data Path Delay:        21.145ns  (logic 5.900ns (27.901%)  route 15.245ns (72.099%))
  Logic Levels:           11  (LUT3=1 LUT5=2 LUT6=7 OBUF=1)
  Clock Uncertainty:      0.025ns  ((TSJ^2 + TIJ^2)^1/2 + DJ) / 2 + PE
    Total System Jitter     (TSJ):    0.050ns
    Total Input Jitter      (TIJ):    0.000ns
    Discrete Jitter          (DJ):    0.000ns
    Phase Error              (PE):    0.000ns

    Location             Delay type                Incr(ns)  Path(ns)    Netlist Resource(s)
  -------------------------------------------------------------------    -------------------
                         (clock sys_clk_pin rise edge)
                                                      0.000     0.000 r  
    W5                                                0.000     0.000 r  clk (IN)
                         net (fo=0)                   0.000     0.000    clk
    W5                   IBUF (Prop_ibuf_I_O)         1.458     1.458 r  clk_IBUF_inst/O
                         net (fo=1, routed)           1.967     3.425    clk_IBUF
    BUFGCTRL_X0Y0        BUFG (Prop_bufg_I_O)         0.096     3.521 r  clk_IBUF_BUFG_inst/O
                         net (fo=668, routed)         1.559     5.080    clk_IBUF_BUFG
    SLICE_X51Y55         FDCE                                         r  hist_rd_reg[1]/C
  -------------------------------------------------------------------    -------------------
    SLICE_X51Y55         FDCE (Prop_fdce_C_Q)         0.456     5.536 r  hist_rd_reg[1]/Q
                         net (fo=19, routed)          1.196     6.731    u_anim/seg_OBUF[4]_inst_i_32_1
    SLICE_X49Y53         LUT3 (Prop_lut3_I0_O)        0.154     6.885 r  u_anim/seg_OBUF[4]_inst_i_33/O
                         net (fo=26, routed)          1.526     8.411    u_anim/seg_OBUF[4]_inst_i_33_n_0
    SLICE_X45Y56         LUT6 (Prop_lut6_I2_O)        0.327     8.738 r  u_anim/seg_OBUF[6]_inst_i_111/O
                         net (fo=1, routed)           0.804     9.542    u_anim/seg_OBUF[6]_inst_i_111_n_0
    SLICE_X46Y55         LUT6 (Prop_lut6_I1_O)        0.124     9.666 r  u_anim/seg_OBUF[6]_inst_i_71/O
                         net (fo=13, routed)          1.569    11.235    u_anim/seg_OBUF[6]_inst_i_71_n_0
    SLICE_X41Y50         LUT5 (Prop_lut5_I3_O)        0.152    11.387 r  u_anim/seg_OBUF[6]_inst_i_89/O
                         net (fo=6, routed)           1.078    12.465    u_anim/seg_OBUF[6]_inst_i_89_n_0
    SLICE_X41Y49         LUT6 (Prop_lut6_I1_O)        0.326    12.791 r  u_anim/seg_OBUF[6]_inst_i_65/O
                         net (fo=9, routed)           1.564    14.355    u_anim/seg_OBUF[6]_inst_i_65_n_0
    SLICE_X36Y50         LUT5 (Prop_lut5_I4_O)        0.152    14.507 r  u_anim/seg_OBUF[6]_inst_i_51/O
                         net (fo=1, routed)           0.945    15.452    u_anim/seg_OBUF[6]_inst_i_51_n_0
    SLICE_X36Y49         LUT6 (Prop_lut6_I3_O)        0.326    15.778 r  u_anim/seg_OBUF[6]_inst_i_22/O
                         net (fo=15, routed)          1.370    17.149    u_anim/seg_OBUF[0]_inst_i_17_0
    SLICE_X34Y53         LUT6 (Prop_lut6_I5_O)        0.124    17.273 r  u_anim/seg_OBUF[0]_inst_i_12/O
                         net (fo=1, routed)           0.793    18.066    u_anim/seg_OBUF[0]_inst_i_12_n_0
    SLICE_X34Y54         LUT6 (Prop_lut6_I2_O)        0.124    18.190 r  u_anim/seg_OBUF[0]_inst_i_4/O
                         net (fo=1, routed)           0.964    19.153    u_anim/seg_OBUF[0]_inst_i_4_n_0
    SLICE_X36Y52         LUT6 (Prop_lut6_I4_O)        0.124    19.277 r  u_anim/seg_OBUF[0]_inst_i_1/O
                         net (fo=1, routed)           3.437    22.714    seg_OBUF[0]
    W7                   OBUF (Prop_obuf_I_O)         3.511    26.225 r  seg_OBUF[0]_inst/O
                         net (fo=0)                   0.000    26.225    seg[0]
    W7                                                                r  seg[0] (OUT)
  -------------------------------------------------------------------    -------------------

Slack:                    inf
  Source:                 hist_rd_reg[1]/C
                            (rising edge-triggered cell FDCE clocked by sys_clk_pin  {rise@0.000ns fall@5.000ns period=10.000ns})
  Destination:            seg[3]
                            (output port)
  Path Group:             (none)
  Path Type:              Max at Slow Process Corner
  Data Path Delay:        21.046ns  (logic 5.925ns (28.151%)  route 15.121ns (71.849%))
  Logic Levels:           11  (LUT3=1 LUT5=2 LUT6=7 OBUF=1)
  Clock Uncertainty:      0.025ns  ((TSJ^2 + TIJ^2)^1/2 + DJ) / 2 + PE
    Total System Jitter     (TSJ):    0.050ns
    Total Input Jitter      (TIJ):    0.000ns
    Discrete Jitter          (DJ):    0.000ns
    Phase Error              (PE):    0.000ns

    Location             Delay type                Incr(ns)  Path(ns)    Netlist Resource(s)
  -------------------------------------------------------------------    -------------------
                         (clock sys_clk_pin rise edge)
                                                      0.000     0.000 r  
    W5                                                0.000     0.000 r  clk (IN)
                         net (fo=0)                   0.000     0.000    clk
    W5                   IBUF (Prop_ibuf_I_O)         1.458     1.458 r  clk_IBUF_inst/O
                         net (fo=1, routed)           1.967     3.425    clk_IBUF
    BUFGCTRL_X0Y0        BUFG (Prop_bufg_I_O)         0.096     3.521 r  clk_IBUF_BUFG_inst/O
                         net (fo=668, routed)         1.559     5.080    clk_IBUF_BUFG
    SLICE_X51Y55         FDCE                                         r  hist_rd_reg[1]/C
  -------------------------------------------------------------------    -------------------
    SLICE_X51Y55         FDCE (Prop_fdce_C_Q)         0.456     5.536 r  hist_rd_reg[1]/Q
                         net (fo=19, routed)          1.196     6.731    u_anim/seg_OBUF[4]_inst_i_32_1
    SLICE_X49Y53         LUT3 (Prop_lut3_I0_O)        0.154     6.885 r  u_anim/seg_OBUF[4]_inst_i_33/O
                         net (fo=26, routed)          1.526     8.411    u_anim/seg_OBUF[4]_inst_i_33_n_0
    SLICE_X45Y56         LUT6 (Prop_lut6_I2_O)        0.327     8.738 r  u_anim/seg_OBUF[6]_inst_i_111/O
                         net (fo=1, routed)           0.804     9.542    u_anim/seg_OBUF[6]_inst_i_111_n_0
    SLICE_X46Y55         LUT6 (Prop_lut6_I1_O)        0.124     9.666 r  u_anim/seg_OBUF[6]_inst_i_71/O
                         net (fo=13, routed)          1.569    11.235    u_anim/seg_OBUF[6]_inst_i_71_n_0
    SLICE_X41Y50         LUT5 (Prop_lut5_I3_O)        0.152    11.387 r  u_anim/seg_OBUF[6]_inst_i_89/O
                         net (fo=6, routed)           1.078    12.465    u_anim/seg_OBUF[6]_inst_i_89_n_0
    SLICE_X41Y49         LUT6 (Prop_lut6_I1_O)        0.326    12.791 r  u_anim/seg_OBUF[6]_inst_i_65/O
                         net (fo=9, routed)           1.564    14.355    u_anim/seg_OBUF[6]_inst_i_65_n_0
    SLICE_X36Y50         LUT5 (Prop_lut5_I4_O)        0.152    14.507 r  u_anim/seg_OBUF[6]_inst_i_51/O
                         net (fo=1, routed)           0.945    15.452    u_anim/seg_OBUF[6]_inst_i_51_n_0
    SLICE_X36Y49         LUT6 (Prop_lut6_I3_O)        0.326    15.778 r  u_anim/seg_OBUF[6]_inst_i_22/O
                         net (fo=15, routed)          1.138    16.917    u_anim/seg_OBUF[0]_inst_i_17_0
    SLICE_X35Y52         LUT6 (Prop_lut6_I5_O)        0.124    17.041 r  u_anim/seg_OBUF[3]_inst_i_12/O
                         net (fo=1, routed)           1.076    18.117    u_anim/seg_OBUF[3]_inst_i_12_n_0
    SLICE_X36Y54         LUT6 (Prop_lut6_I2_O)        0.124    18.241 r  u_anim/seg_OBUF[3]_inst_i_5/O
                         net (fo=1, routed)           0.598    18.839    u_anim/seg_OBUF[3]_inst_i_5_n_0
    SLICE_X38Y54         LUT6 (Prop_lut6_I3_O)        0.124    18.963 r  u_anim/seg_OBUF[3]_inst_i_1/O
                         net (fo=1, routed)           3.627    22.590    seg_OBUF[3]
    V8                   OBUF (Prop_obuf_I_O)         3.536    26.125 r  seg_OBUF[3]_inst/O
                         net (fo=0)                   0.000    26.125    seg[3]
    V8                                                                r  seg[3] (OUT)
  -------------------------------------------------------------------    -------------------

Slack:                    inf
  Source:                 hist_rd_reg[1]/C
                            (rising edge-triggered cell FDCE clocked by sys_clk_pin  {rise@0.000ns fall@5.000ns period=10.000ns})
  Destination:            seg[6]
                            (output port)
  Path Group:             (none)
  Path Type:              Max at Slow Process Corner
  Data Path Delay:        20.995ns  (logic 5.920ns (28.200%)  route 15.074ns (71.800%))
  Logic Levels:           11  (LUT3=1 LUT5=2 LUT6=7 OBUF=1)
  Clock Uncertainty:      0.025ns  ((TSJ^2 + TIJ^2)^1/2 + DJ) / 2 + PE
    Total System Jitter     (TSJ):    0.050ns
    Total Input Jitter      (TIJ):    0.000ns
    Discrete Jitter          (DJ):    0.000ns
    Phase Error              (PE):    0.000ns

    Location             Delay type                Incr(ns)  Path(ns)    Netlist Resource(s)
  -------------------------------------------------------------------    -------------------
                         (clock sys_clk_pin rise edge)
                                                      0.000     0.000 r  
    W5                                                0.000     0.000 r  clk (IN)
                         net (fo=0)                   0.000     0.000    clk
    W5                   IBUF (Prop_ibuf_I_O)         1.458     1.458 r  clk_IBUF_inst/O
                         net (fo=1, routed)           1.967     3.425    clk_IBUF
    BUFGCTRL_X0Y0        BUFG (Prop_bufg_I_O)         0.096     3.521 r  clk_IBUF_BUFG_inst/O
                         net (fo=668, routed)         1.559     5.080    clk_IBUF_BUFG
    SLICE_X51Y55         FDCE                                         r  hist_rd_reg[1]/C
  -------------------------------------------------------------------    -------------------
    SLICE_X51Y55         FDCE (Prop_fdce_C_Q)         0.456     5.536 r  hist_rd_reg[1]/Q
                         net (fo=19, routed)          1.196     6.731    u_anim/seg_OBUF[4]_inst_i_32_1
    SLICE_X49Y53         LUT3 (Prop_lut3_I0_O)        0.154     6.885 r  u_anim/seg_OBUF[4]_inst_i_33/O
                         net (fo=26, routed)          1.526     8.411    u_anim/seg_OBUF[4]_inst_i_33_n_0
    SLICE_X45Y56         LUT6 (Prop_lut6_I2_O)        0.327     8.738 r  u_anim/seg_OBUF[6]_inst_i_111/O
                         net (fo=1, routed)           0.804     9.542    u_anim/seg_OBUF[6]_inst_i_111_n_0
    SLICE_X46Y55         LUT6 (Prop_lut6_I1_O)        0.124     9.666 r  u_anim/seg_OBUF[6]_inst_i_71/O
                         net (fo=13, routed)          1.569    11.235    u_anim/seg_OBUF[6]_inst_i_71_n_0
    SLICE_X41Y50         LUT5 (Prop_lut5_I3_O)        0.152    11.387 r  u_anim/seg_OBUF[6]_inst_i_89/O
                         net (fo=6, routed)           1.078    12.465    u_anim/seg_OBUF[6]_inst_i_89_n_0
    SLICE_X41Y49         LUT6 (Prop_lut6_I1_O)        0.326    12.791 r  u_anim/seg_OBUF[6]_inst_i_65/O
                         net (fo=9, routed)           1.564    14.355    u_anim/seg_OBUF[6]_inst_i_65_n_0
    SLICE_X36Y50         LUT5 (Prop_lut5_I4_O)        0.152    14.507 r  u_anim/seg_OBUF[6]_inst_i_51/O
                         net (fo=1, routed)           0.945    15.452    u_anim/seg_OBUF[6]_inst_i_51_n_0
    SLICE_X36Y49         LUT6 (Prop_lut6_I3_O)        0.326    15.778 r  u_anim/seg_OBUF[6]_inst_i_22/O
                         net (fo=15, routed)          1.116    16.895    u_anim/seg_OBUF[0]_inst_i_17_0
    SLICE_X35Y53         LUT6 (Prop_lut6_I0_O)        0.124    17.019 r  u_anim/seg_OBUF[6]_inst_i_13/O
                         net (fo=2, routed)           0.445    17.463    u_anim/seg_OBUF[6]_inst_i_13_n_0
    SLICE_X35Y53         LUT6 (Prop_lut6_I3_O)        0.124    17.587 r  u_anim/seg_OBUF[6]_inst_i_4/O
                         net (fo=1, routed)           0.957    18.544    u_anim/seg_OBUF[6]_inst_i_4_n_0
    SLICE_X37Y53         LUT6 (Prop_lut6_I3_O)        0.124    18.668 r  u_anim/seg_OBUF[6]_inst_i_1/O
                         net (fo=1, routed)           3.875    22.543    seg_OBUF[6]
    U7                   OBUF (Prop_obuf_I_O)         3.531    26.074 r  seg_OBUF[6]_inst/O
                         net (fo=0)                   0.000    26.074    seg[6]
    U7                                                                r  seg[6] (OUT)
  -------------------------------------------------------------------    -------------------

Slack:                    inf
  Source:                 hist_rd_reg[1]/C
                            (rising edge-triggered cell FDCE clocked by sys_clk_pin  {rise@0.000ns fall@5.000ns period=10.000ns})
  Destination:            seg[4]
                            (output port)
  Path Group:             (none)
  Path Type:              Max at Slow Process Corner
  Data Path Delay:        20.849ns  (logic 5.909ns (28.341%)  route 14.941ns (71.659%))
  Logic Levels:           11  (LUT3=1 LUT5=2 LUT6=7 OBUF=1)
  Clock Uncertainty:      0.025ns  ((TSJ^2 + TIJ^2)^1/2 + DJ) / 2 + PE
    Total System Jitter     (TSJ):    0.050ns
    Total Input Jitter      (TIJ):    0.000ns
    Discrete Jitter          (DJ):    0.000ns
    Phase Error              (PE):    0.000ns

    Location             Delay type                Incr(ns)  Path(ns)    Netlist Resource(s)
  -------------------------------------------------------------------    -------------------
                         (clock sys_clk_pin rise edge)
                                                      0.000     0.000 r  
    W5                                                0.000     0.000 r  clk (IN)
                         net (fo=0)                   0.000     0.000    clk
    W5                   IBUF (Prop_ibuf_I_O)         1.458     1.458 r  clk_IBUF_inst/O
                         net (fo=1, routed)           1.967     3.425    clk_IBUF
    BUFGCTRL_X0Y0        BUFG (Prop_bufg_I_O)         0.096     3.521 r  clk_IBUF_BUFG_inst/O
                         net (fo=668, routed)         1.559     5.080    clk_IBUF_BUFG
    SLICE_X51Y55         FDCE                                         r  hist_rd_reg[1]/C
  -------------------------------------------------------------------    -------------------
    SLICE_X51Y55         FDCE (Prop_fdce_C_Q)         0.456     5.536 r  hist_rd_reg[1]/Q
                         net (fo=19, routed)          1.196     6.731    u_anim/seg_OBUF[4]_inst_i_32_1
    SLICE_X49Y53         LUT3 (Prop_lut3_I0_O)        0.154     6.885 r  u_anim/seg_OBUF[4]_inst_i_33/O
                         net (fo=26, routed)          1.526     8.411    u_anim/seg_OBUF[4]_inst_i_33_n_0
    SLICE_X45Y56         LUT6 (Prop_lut6_I2_O)        0.327     8.738 r  u_anim/seg_OBUF[6]_inst_i_111/O
                         net (fo=1, routed)           0.804     9.542    u_anim/seg_OBUF[6]_inst_i_111_n_0
    SLICE_X46Y55         LUT6 (Prop_lut6_I1_O)        0.124     9.666 r  u_anim/seg_OBUF[6]_inst_i_71/O
                         net (fo=13, routed)          1.569    11.235    u_anim/seg_OBUF[6]_inst_i_71_n_0
    SLICE_X41Y50         LUT5 (Prop_lut5_I3_O)        0.152    11.387 r  u_anim/seg_OBUF[6]_inst_i_89/O
                         net (fo=6, routed)           1.078    12.465    u_anim/seg_OBUF[6]_inst_i_89_n_0
    SLICE_X41Y49         LUT6 (Prop_lut6_I1_O)        0.326    12.791 r  u_anim/seg_OBUF[6]_inst_i_65/O
                         net (fo=9, routed)           1.564    14.355    u_anim/seg_OBUF[6]_inst_i_65_n_0
    SLICE_X36Y50         LUT5 (Prop_lut5_I4_O)        0.152    14.507 r  u_anim/seg_OBUF[6]_inst_i_51/O
                         net (fo=1, routed)           0.945    15.452    u_anim/seg_OBUF[6]_inst_i_51_n_0
    SLICE_X36Y49         LUT6 (Prop_lut6_I3_O)        0.326    15.778 r  u_anim/seg_OBUF[6]_inst_i_22/O
                         net (fo=15, routed)          1.137    16.916    u_anim/seg_OBUF[0]_inst_i_17_0
    SLICE_X35Y52         LUT6 (Prop_lut6_I0_O)        0.124    17.040 r  u_anim/seg_OBUF[4]_inst_i_9/O
                         net (fo=1, routed)           0.905    17.945    u_anim/seg_OBUF[4]_inst_i_9_n_0
    SLICE_X37Y55         LUT6 (Prop_lut6_I0_O)        0.124    18.069 r  u_anim/seg_OBUF[4]_inst_i_3/O
                         net (fo=1, routed)           0.567    18.636    system_state/disp_seg[3][0]
    SLICE_X39Y55         LUT6 (Prop_lut6_I1_O)        0.124    18.760 r  system_state/seg_OBUF[4]_inst_i_1/O
                         net (fo=1, routed)           3.649    22.409    seg_OBUF[4]
    U5                   OBUF (Prop_obuf_I_O)         3.520    25.929 r  seg_OBUF[4]_inst/O
                         net (fo=0)                   0.000    25.929    seg[4]
    U5                                                                r  seg[4] (OUT)
  -------------------------------------------------------------------    -------------------

Slack:                    inf
  Source:                 hist_rd_reg[1]/C
                            (rising edge-triggered cell FDCE clocked by sys_clk_pin  {rise@0.000ns fall@5.000ns period=10.000ns})
  Destination:            seg[2]
                            (output port)
  Path Group:             (none)
  Path Type:              Max at Slow Process Corner
  Data Path Delay:        20.546ns  (logic 5.924ns (28.834%)  route 14.622ns (71.166%))
  Logic Levels:           11  (LUT3=1 LUT5=2 LUT6=7 OBUF=1)
  Clock Uncertainty:      0.025ns  ((TSJ^2 + TIJ^2)^1/2 + DJ) / 2 + PE
    Total System Jitter     (TSJ):    0.050ns
    Total Input Jitter      (TIJ):    0.000ns
    Discrete Jitter          (DJ):    0.000ns
    Phase Error              (PE):    0.000ns

    Location             Delay type                Incr(ns)  Path(ns)    Netlist Resource(s)
  -------------------------------------------------------------------    -------------------
                         (clock sys_clk_pin rise edge)
                                                      0.000     0.000 r  
    W5                                                0.000     0.000 r  clk (IN)
                         net (fo=0)                   0.000     0.000    clk
    W5                   IBUF (Prop_ibuf_I_O)         1.458     1.458 r  clk_IBUF_inst/O
                         net (fo=1, routed)           1.967     3.425    clk_IBUF
    BUFGCTRL_X0Y0        BUFG (Prop_bufg_I_O)         0.096     3.521 r  clk_IBUF_BUFG_inst/O
                         net (fo=668, routed)         1.559     5.080    clk_IBUF_BUFG
    SLICE_X51Y55         FDCE                                         r  hist_rd_reg[1]/C
  -------------------------------------------------------------------    -------------------
    SLICE_X51Y55         FDCE (Prop_fdce_C_Q)         0.456     5.536 r  hist_rd_reg[1]/Q
                         net (fo=19, routed)          1.196     6.731    u_anim/seg_OBUF[4]_inst_i_32_1
    SLICE_X49Y53         LUT3 (Prop_lut3_I0_O)        0.154     6.885 r  u_anim/seg_OBUF[4]_inst_i_33/O
                         net (fo=26, routed)          1.526     8.411    u_anim/seg_OBUF[4]_inst_i_33_n_0
    SLICE_X45Y56         LUT6 (Prop_lut6_I2_O)        0.327     8.738 r  u_anim/seg_OBUF[6]_inst_i_111/O
                         net (fo=1, routed)           0.804     9.542    u_anim/seg_OBUF[6]_inst_i_111_n_0
    SLICE_X46Y55         LUT6 (Prop_lut6_I1_O)        0.124     9.666 r  u_anim/seg_OBUF[6]_inst_i_71/O
                         net (fo=13, routed)          1.569    11.235    u_anim/seg_OBUF[6]_inst_i_71_n_0
    SLICE_X41Y50         LUT5 (Prop_lut5_I3_O)        0.152    11.387 r  u_anim/seg_OBUF[6]_inst_i_89/O
                         net (fo=6, routed)           1.078    12.465    u_anim/seg_OBUF[6]_inst_i_89_n_0
    SLICE_X41Y49         LUT6 (Prop_lut6_I1_O)        0.326    12.791 r  u_anim/seg_OBUF[6]_inst_i_65/O
                         net (fo=9, routed)           1.564    14.355    u_anim/seg_OBUF[6]_inst_i_65_n_0
    SLICE_X36Y50         LUT5 (Prop_lut5_I4_O)        0.152    14.507 r  u_anim/seg_OBUF[6]_inst_i_51/O
                         net (fo=1, routed)           0.945    15.452    u_anim/seg_OBUF[6]_inst_i_51_n_0
    SLICE_X36Y49         LUT6 (Prop_lut6_I3_O)        0.326    15.778 r  u_anim/seg_OBUF[6]_inst_i_22/O
                         net (fo=15, routed)          1.608    17.386    u_anim/seg_OBUF[0]_inst_i_17_0
    SLICE_X36Y54         LUT6 (Prop_lut6_I5_O)        0.124    17.510 r  u_anim/seg_OBUF[2]_inst_i_7/O
                         net (fo=1, routed)           0.298    17.808    system_state/seg_OBUF[2]_inst_i_1_0
    SLICE_X38Y54         LUT6 (Prop_lut6_I4_O)        0.124    17.932 r  system_state/seg_OBUF[2]_inst_i_3/O
                         net (fo=1, routed)           0.591    18.524    u_anim/seg[2]
    SLICE_X38Y53         LUT6 (Prop_lut6_I1_O)        0.124    18.648 r  u_anim/seg_OBUF[2]_inst_i_1/O
                         net (fo=1, routed)           3.443    22.091    seg_OBUF[2]
    U8                   OBUF (Prop_obuf_I_O)         3.535    25.626 r  seg_OBUF[2]_inst/O
                         net (fo=0)                   0.000    25.626    seg[2]
    U8                                                                r  seg[2] (OUT)
  -------------------------------------------------------------------    -------------------

Slack:                    inf
  Source:                 hist_rd_reg[1]/C
                            (rising edge-triggered cell FDCE clocked by sys_clk_pin  {rise@0.000ns fall@5.000ns period=10.000ns})
  Destination:            seg[1]
                            (output port)
  Path Group:             (none)
  Path Type:              Max at Slow Process Corner
  Data Path Delay:        20.515ns  (logic 5.918ns (28.848%)  route 14.597ns (71.152%))
  Logic Levels:           11  (LUT3=1 LUT5=2 LUT6=7 OBUF=1)
  Clock Uncertainty:      0.025ns  ((TSJ^2 + TIJ^2)^1/2 + DJ) / 2 + PE
    Total System Jitter     (TSJ):    0.050ns
    Total Input Jitter      (TIJ):    0.000ns
    Discrete Jitter          (DJ):    0.000ns
    Phase Error              (PE):    0.000ns

    Location             Delay type                Incr(ns)  Path(ns)    Netlist Resource(s)
  -------------------------------------------------------------------    -------------------
                         (clock sys_clk_pin rise edge)
                                                      0.000     0.000 r  
    W5                                                0.000     0.000 r  clk (IN)
                         net (fo=0)                   0.000     0.000    clk
    W5                   IBUF (Prop_ibuf_I_O)         1.458     1.458 r  clk_IBUF_inst/O
                         net (fo=1, routed)           1.967     3.425    clk_IBUF
    BUFGCTRL_X0Y0        BUFG (Prop_bufg_I_O)         0.096     3.521 r  clk_IBUF_BUFG_inst/O
                         net (fo=668, routed)         1.559     5.080    clk_IBUF_BUFG
    SLICE_X51Y55         FDCE                                         r  hist_rd_reg[1]/C
  -------------------------------------------------------------------    -------------------
    SLICE_X51Y55         FDCE (Prop_fdce_C_Q)         0.456     5.536 r  hist_rd_reg[1]/Q
                         net (fo=19, routed)          1.196     6.731    u_anim/seg_OBUF[4]_inst_i_32_1
    SLICE_X49Y53         LUT3 (Prop_lut3_I0_O)        0.154     6.885 r  u_anim/seg_OBUF[4]_inst_i_33/O
                         net (fo=26, routed)          1.526     8.411    u_anim/seg_OBUF[4]_inst_i_33_n_0
    SLICE_X45Y56         LUT6 (Prop_lut6_I2_O)        0.327     8.738 r  u_anim/seg_OBUF[6]_inst_i_111/O
                         net (fo=1, routed)           0.804     9.542    u_anim/seg_OBUF[6]_inst_i_111_n_0
    SLICE_X46Y55         LUT6 (Prop_lut6_I1_O)        0.124     9.666 r  u_anim/seg_OBUF[6]_inst_i_71/O
                         net (fo=13, routed)          1.569    11.235    u_anim/seg_OBUF[6]_inst_i_71_n_0
    SLICE_X41Y50         LUT5 (Prop_lut5_I3_O)        0.152    11.387 r  u_anim/seg_OBUF[6]_inst_i_89/O
                         net (fo=6, routed)           1.078    12.465    u_anim/seg_OBUF[6]_inst_i_89_n_0
    SLICE_X41Y49         LUT6 (Prop_lut6_I1_O)        0.326    12.791 r  u_anim/seg_OBUF[6]_inst_i_65/O
                         net (fo=9, routed)           1.564    14.355    u_anim/seg_OBUF[6]_inst_i_65_n_0
    SLICE_X36Y50         LUT5 (Prop_lut5_I4_O)        0.152    14.507 r  u_anim/seg_OBUF[6]_inst_i_51/O
                         net (fo=1, routed)           0.945    15.452    u_anim/seg_OBUF[6]_inst_i_51_n_0
    SLICE_X36Y49         LUT6 (Prop_lut6_I3_O)        0.326    15.778 r  u_anim/seg_OBUF[6]_inst_i_22/O
                         net (fo=15, routed)          1.009    16.787    u_anim/seg_OBUF[0]_inst_i_17_0
    SLICE_X37Y50         LUT6 (Prop_lut6_I5_O)        0.124    16.911 r  u_anim/seg_OBUF[1]_inst_i_7/O
                         net (fo=1, routed)           0.595    17.506    u_anim/seg_OBUF[1]_inst_i_7_n_0
    SLICE_X37Y53         LUT6 (Prop_lut6_I1_O)        0.124    17.630 r  u_anim/seg_OBUF[1]_inst_i_2/O
                         net (fo=1, routed)           0.877    18.507    u_anim/disp_seg[2][1]
    SLICE_X37Y53         LUT6 (Prop_lut6_I0_O)        0.124    18.631 r  u_anim/seg_OBUF[1]_inst_i_1/O
                         net (fo=1, routed)           3.435    22.066    seg_OBUF[1]
    W6                   OBUF (Prop_obuf_I_O)         3.529    25.595 r  seg_OBUF[1]_inst/O
                         net (fo=0)                   0.000    25.595    seg[1]
    W6                                                                r  seg[1] (OUT)
  -------------------------------------------------------------------    -------------------

Slack:                    inf
  Source:                 hist_rd_reg[1]/C
                            (rising edge-triggered cell FDCE clocked by sys_clk_pin  {rise@0.000ns fall@5.000ns period=10.000ns})
  Destination:            seg[5]
                            (output port)
  Path Group:             (none)
  Path Type:              Max at Slow Process Corner
  Data Path Delay:        20.330ns  (logic 5.859ns (28.821%)  route 14.471ns (71.179%))
  Logic Levels:           11  (LUT3=1 LUT5=3 LUT6=6 OBUF=1)
  Clock Uncertainty:      0.025ns  ((TSJ^2 + TIJ^2)^1/2 + DJ) / 2 + PE
    Total System Jitter     (TSJ):    0.050ns
    Total Input Jitter      (TIJ):    0.000ns
    Discrete Jitter          (DJ):    0.000ns
    Phase Error              (PE):    0.000ns

    Location             Delay type                Incr(ns)  Path(ns)    Netlist Resource(s)
  -------------------------------------------------------------------    -------------------
                         (clock sys_clk_pin rise edge)
                                                      0.000     0.000 r  
    W5                                                0.000     0.000 r  clk (IN)
                         net (fo=0)                   0.000     0.000    clk
    W5                   IBUF (Prop_ibuf_I_O)         1.458     1.458 r  clk_IBUF_inst/O
                         net (fo=1, routed)           1.967     3.425    clk_IBUF
    BUFGCTRL_X0Y0        BUFG (Prop_bufg_I_O)         0.096     3.521 r  clk_IBUF_BUFG_inst/O
                         net (fo=668, routed)         1.559     5.080    clk_IBUF_BUFG
    SLICE_X51Y55         FDCE                                         r  hist_rd_reg[1]/C
  -------------------------------------------------------------------    -------------------
    SLICE_X51Y55         FDCE (Prop_fdce_C_Q)         0.456     5.536 r  hist_rd_reg[1]/Q
                         net (fo=19, routed)          1.196     6.731    u_anim/seg_OBUF[4]_inst_i_32_1
    SLICE_X49Y53         LUT3 (Prop_lut3_I0_O)        0.154     6.885 r  u_anim/seg_OBUF[4]_inst_i_33/O
                         net (fo=26, routed)          1.526     8.411    u_anim/seg_OBUF[4]_inst_i_33_n_0
    SLICE_X45Y56         LUT6 (Prop_lut6_I2_O)        0.327     8.738 r  u_anim/seg_OBUF[6]_inst_i_111/O
                         net (fo=1, routed)           0.804     9.542    u_anim/seg_OBUF[6]_inst_i_111_n_0
    SLICE_X46Y55         LUT6 (Prop_lut6_I1_O)        0.124     9.666 r  u_anim/seg_OBUF[6]_inst_i_71/O
                         net (fo=13, routed)          1.569    11.235    u_anim/seg_OBUF[6]_inst_i_71_n_0
    SLICE_X41Y50         LUT5 (Prop_lut5_I3_O)        0.152    11.387 r  u_anim/seg_OBUF[6]_inst_i_89/O
                         net (fo=6, routed)           1.078    12.465    u_anim/seg_OBUF[6]_inst_i_89_n_0
    SLICE_X41Y49         LUT6 (Prop_lut6_I1_O)        0.326    12.791 r  u_anim/seg_OBUF[6]_inst_i_65/O
                         net (fo=9, routed)           1.564    14.355    u_anim/seg_OBUF[6]_inst_i_65_n_0
    SLICE_X36Y50         LUT5 (Prop_lut5_I4_O)        0.124    14.479 r  u_anim/seg_OBUF[6]_inst_i_36/O
                         net (fo=18, routed)          1.119    15.598    u_anim/seg_OBUF[6]_inst_i_65_0
    SLICE_X35Y53         LUT5 (Prop_lut5_I1_O)        0.118    15.716 f  u_anim/seg_OBUF[6]_inst_i_24/O
                         net (fo=4, routed)           1.018    16.734    u_anim/seg_OBUF[6]_inst_i_24_n_0
    SLICE_X36Y54         LUT6 (Prop_lut6_I3_O)        0.326    17.060 r  u_anim/seg_OBUF[5]_inst_i_6/O
                         net (fo=1, routed)           0.658    17.719    u_anim/seg_OBUF[5]_inst_i_6_n_0
    SLICE_X37Y54         LUT6 (Prop_lut6_I3_O)        0.124    17.843 r  u_anim/seg_OBUF[5]_inst_i_2/O
                         net (fo=1, routed)           0.263    18.106    u_anim/seg_OBUF[5]_inst_i_2_n_0
    SLICE_X37Y54         LUT6 (Prop_lut6_I0_O)        0.124    18.230 r  u_anim/seg_OBUF[5]_inst_i_1/O
                         net (fo=1, routed)           3.676    21.906    seg_OBUF[5]
    V5                   OBUF (Prop_obuf_I_O)         3.504    25.410 r  seg_OBUF[5]_inst/O
                         net (fo=0)                   0.000    25.410    seg[5]
    V5                                                                r  seg[5] (OUT)
  -------------------------------------------------------------------    -------------------

Slack:                    inf
  Source:                 system_state/FSM_sequential_state_reg[1]/C
                            (rising edge-triggered cell FDRE clocked by sys_clk_pin  {rise@0.000ns fall@5.000ns period=10.000ns})
  Destination:            an[3]
                            (output port)
  Path Group:             (none)
  Path Type:              Max at Slow Process Corner
  Data Path Delay:        13.098ns  (logic 4.928ns (37.625%)  route 8.170ns (62.375%))
  Logic Levels:           5  (LUT3=2 LUT5=1 LUT6=1 OBUF=1)
  Clock Uncertainty:      0.025ns  ((TSJ^2 + TIJ^2)^1/2 + DJ) / 2 + PE
    Total System Jitter     (TSJ):    0.050ns
    Total Input Jitter      (TIJ):    0.000ns
    Discrete Jitter          (DJ):    0.000ns
    Phase Error              (PE):    0.000ns

    Location             Delay type                Incr(ns)  Path(ns)    Netlist Resource(s)
  -------------------------------------------------------------------    -------------------
                         (clock sys_clk_pin rise edge)
                                                      0.000     0.000 r  
    W5                                                0.000     0.000 r  clk (IN)
                         net (fo=0)                   0.000     0.000    clk
    W5                   IBUF (Prop_ibuf_I_O)         1.458     1.458 r  clk_IBUF_inst/O
                         net (fo=1, routed)           1.967     3.425    clk_IBUF
    BUFGCTRL_X0Y0        BUFG (Prop_bufg_I_O)         0.096     3.521 r  clk_IBUF_BUFG_inst/O
                         net (fo=668, routed)         1.550     5.071    system_state/clk
    SLICE_X41Y62         FDRE                                         r  system_state/FSM_sequential_state_reg[1]/C
  -------------------------------------------------------------------    -------------------
    SLICE_X41Y62         FDRE (Prop_fdre_C_Q)         0.456     5.527 f  system_state/FSM_sequential_state_reg[1]/Q
                         net (fo=80, routed)          2.310     7.837    system_state/state[1]
    SLICE_X36Y55         LUT3 (Prop_lut3_I1_O)        0.152     7.989 f  system_state/an_OBUF[3]_inst_i_4/O
                         net (fo=2, routed)           0.955     8.944    u_anim/an_OBUF[3]_inst_i_2_0
    SLICE_X36Y58         LUT5 (Prop_lut5_I3_O)        0.326     9.270 f  u_anim/an_OBUF[3]_inst_i_3/O
                         net (fo=1, routed)           0.375     9.645    u_anim/an_OBUF[3]_inst_i_3_n_0
    SLICE_X36Y58         LUT6 (Prop_lut6_I0_O)        0.124     9.769 f  u_anim/an_OBUF[3]_inst_i_2/O
                         net (fo=4, routed)           1.170    10.938    u_seg/pwm_on
    SLICE_X40Y51         LUT3 (Prop_lut3_I0_O)        0.152    11.090 r  u_seg/an_OBUF[3]_inst_i_1/O
                         net (fo=1, routed)           3.360    14.451    an_OBUF[3]
    W4                   OBUF (Prop_obuf_I_O)         3.718    18.169 r  an_OBUF[3]_inst/O
                         net (fo=0)                   0.000    18.169    an[3]
    W4                                                                r  an[3] (OUT)
  -------------------------------------------------------------------    -------------------

Slack:                    inf
  Source:                 system_state/FSM_sequential_state_reg[1]/C
                            (rising edge-triggered cell FDRE clocked by sys_clk_pin  {rise@0.000ns fall@5.000ns period=10.000ns})
  Destination:            an[1]
                            (output port)
  Path Group:             (none)
  Path Type:              Max at Slow Process Corner
  Data Path Delay:        12.930ns  (logic 4.911ns (37.982%)  route 8.019ns (62.018%))
  Logic Levels:           5  (LUT3=2 LUT5=1 LUT6=1 OBUF=1)
  Clock Uncertainty:      0.025ns  ((TSJ^2 + TIJ^2)^1/2 + DJ) / 2 + PE
    Total System Jitter     (TSJ):    0.050ns
    Total Input Jitter      (TIJ):    0.000ns
    Discrete Jitter          (DJ):    0.000ns
    Phase Error              (PE):    0.000ns

    Location             Delay type                Incr(ns)  Path(ns)    Netlist Resource(s)
  -------------------------------------------------------------------    -------------------
                         (clock sys_clk_pin rise edge)
                                                      0.000     0.000 r  
    W5                                                0.000     0.000 r  clk (IN)
                         net (fo=0)                   0.000     0.000    clk
    W5                   IBUF (Prop_ibuf_I_O)         1.458     1.458 r  clk_IBUF_inst/O
                         net (fo=1, routed)           1.967     3.425    clk_IBUF
    BUFGCTRL_X0Y0        BUFG (Prop_bufg_I_O)         0.096     3.521 r  clk_IBUF_BUFG_inst/O
                         net (fo=668, routed)         1.550     5.071    system_state/clk
    SLICE_X41Y62         FDRE                                         r  system_state/FSM_sequential_state_reg[1]/C
  -------------------------------------------------------------------    -------------------
    SLICE_X41Y62         FDRE (Prop_fdre_C_Q)         0.456     5.527 f  system_state/FSM_sequential_state_reg[1]/Q
                         net (fo=80, routed)          2.310     7.837    system_state/state[1]
    SLICE_X36Y55         LUT3 (Prop_lut3_I1_O)        0.152     7.989 f  system_state/an_OBUF[3]_inst_i_4/O
                         net (fo=2, routed)           0.955     8.944    u_anim/an_OBUF[3]_inst_i_2_0
    SLICE_X36Y58         LUT5 (Prop_lut5_I3_O)        0.326     9.270 f  u_anim/an_OBUF[3]_inst_i_3/O
                         net (fo=1, routed)           0.375     9.645    u_anim/an_OBUF[3]_inst_i_3_n_0
    SLICE_X36Y58         LUT6 (Prop_lut6_I0_O)        0.124     9.769 f  u_anim/an_OBUF[3]_inst_i_2/O
                         net (fo=4, routed)           1.167    10.936    u_seg/pwm_on
    SLICE_X40Y51         LUT3 (Prop_lut3_I0_O)        0.152    11.088 r  u_seg/an_OBUF[1]_inst_i_1/O
                         net (fo=1, routed)           3.212    14.300    an_OBUF[1]
    U4                   OBUF (Prop_obuf_I_O)         3.701    18.001 r  an_OBUF[1]_inst/O
                         net (fo=0)                   0.000    18.001    an[1]
    U4                                                                r  an[1] (OUT)
  -------------------------------------------------------------------    -------------------

Slack:                    inf
  Source:                 system_state/FSM_sequential_state_reg[1]/C
                            (rising edge-triggered cell FDRE clocked by sys_clk_pin  {rise@0.000ns fall@5.000ns period=10.000ns})
  Destination:            an[2]
                            (output port)
  Path Group:             (none)
  Path Type:              Max at Slow Process Corner
  Data Path Delay:        12.703ns  (logic 4.705ns (37.039%)  route 7.998ns (62.961%))
  Logic Levels:           5  (LUT3=2 LUT5=1 LUT6=1 OBUF=1)
  Clock Uncertainty:      0.025ns  ((TSJ^2 + TIJ^2)^1/2 + DJ) / 2 + PE
    Total System Jitter     (TSJ):    0.050ns
    Total Input Jitter      (TIJ):    0.000ns
    Discrete Jitter          (DJ):    0.000ns
    Phase Error              (PE):    0.000ns

    Location             Delay type                Incr(ns)  Path(ns)    Netlist Resource(s)
  -------------------------------------------------------------------    -------------------
                         (clock sys_clk_pin rise edge)
                                                      0.000     0.000 r  
    W5                                                0.000     0.000 r  clk (IN)
                         net (fo=0)                   0.000     0.000    clk
    W5                   IBUF (Prop_ibuf_I_O)         1.458     1.458 r  clk_IBUF_inst/O
                         net (fo=1, routed)           1.967     3.425    clk_IBUF
    BUFGCTRL_X0Y0        BUFG (Prop_bufg_I_O)         0.096     3.521 r  clk_IBUF_BUFG_inst/O
                         net (fo=668, routed)         1.550     5.071    system_state/clk
    SLICE_X41Y62         FDRE                                         r  system_state/FSM_sequential_state_reg[1]/C
  -------------------------------------------------------------------    -------------------
    SLICE_X41Y62         FDRE (Prop_fdre_C_Q)         0.456     5.527 f  system_state/FSM_sequential_state_reg[1]/Q
                         net (fo=80, routed)          2.310     7.837    system_state/state[1]
    SLICE_X36Y55         LUT3 (Prop_lut3_I1_O)        0.152     7.989 f  system_state/an_OBUF[3]_inst_i_4/O
                         net (fo=2, routed)           0.955     8.944    u_anim/an_OBUF[3]_inst_i_2_0
    SLICE_X36Y58         LUT5 (Prop_lut5_I3_O)        0.326     9.270 f  u_anim/an_OBUF[3]_inst_i_3/O
                         net (fo=1, routed)           0.375     9.645    u_anim/an_OBUF[3]_inst_i_3_n_0
    SLICE_X36Y58         LUT6 (Prop_lut6_I0_O)        0.124     9.769 f  u_anim/an_OBUF[3]_inst_i_2/O
                         net (fo=4, routed)           1.170    10.938    u_seg/pwm_on
    SLICE_X40Y51         LUT3 (Prop_lut3_I0_O)        0.124    11.062 r  u_seg/an_OBUF[2]_inst_i_1/O
                         net (fo=1, routed)           3.188    14.251    an_OBUF[2]
    V4                   OBUF (Prop_obuf_I_O)         3.523    17.774 r  an_OBUF[2]_inst/O
                         net (fo=0)                   0.000    17.774    an[2]
    V4                                                                r  an[2] (OUT)
  -------------------------------------------------------------------    -------------------





Min Delay Paths
--------------------------------------------------------------------------------------
Slack:                    inf
  Source:                 u_buzz/buzz_reg/C
                            (rising edge-triggered cell FDCE clocked by sys_clk_pin  {rise@0.000ns fall@5.000ns period=10.000ns})
  Destination:            buzz
                            (output port)
  Path Group:             (none)
  Path Type:              Min at Fast Process Corner
  Data Path Delay:        2.416ns  (logic 1.350ns (55.890%)  route 1.066ns (44.110%))
  Logic Levels:           1  (OBUF=1)
  Clock Uncertainty:      0.025ns  ((TSJ^2 + TIJ^2)^1/2 + DJ) / 2 + PE
    Total System Jitter     (TSJ):    0.050ns
    Total Input Jitter      (TIJ):    0.000ns
    Discrete Jitter          (DJ):    0.000ns
    Phase Error              (PE):    0.000ns

    Location             Delay type                Incr(ns)  Path(ns)    Netlist Resource(s)
  -------------------------------------------------------------------    -------------------
                         (clock sys_clk_pin rise edge)
                                                      0.000     0.000 r  
    W5                                                0.000     0.000 r  clk (IN)
                         net (fo=0)                   0.000     0.000    clk
    W5                   IBUF (Prop_ibuf_I_O)         0.226     0.226 r  clk_IBUF_inst/O
                         net (fo=1, routed)           0.631     0.858    clk_IBUF
    BUFGCTRL_X0Y0        BUFG (Prop_bufg_I_O)         0.026     0.884 r  clk_IBUF_BUFG_inst/O
                         net (fo=668, routed)         0.552     1.435    u_buzz/clk
    SLICE_X47Y71         FDCE                                         r  u_buzz/buzz_reg/C
  -------------------------------------------------------------------    -------------------
    SLICE_X47Y71         FDCE (Prop_fdce_C_Q)         0.141     1.576 r  u_buzz/buzz_reg/Q
                         net (fo=2, routed)           1.066     2.642    buzz_OBUF
    J2                   OBUF (Prop_obuf_I_O)         1.209     3.851 r  buzz_OBUF_inst/O
                         net (fo=0)                   0.000     3.851    buzz
    J2                                                                r  buzz (OUT)
  -------------------------------------------------------------------    -------------------

Slack:                    inf
  Source:                 u_seg/refresh_cnt_reg[15]/C
                            (rising edge-triggered cell FDCE clocked by sys_clk_pin  {rise@0.000ns fall@5.000ns period=10.000ns})
  Destination:            an[0]
                            (output port)
  Path Group:             (none)
  Path Type:              Min at Fast Process Corner
  Data Path Delay:        2.661ns  (logic 1.413ns (53.095%)  route 1.248ns (46.905%))
  Logic Levels:           2  (LUT3=1 OBUF=1)
  Clock Uncertainty:      0.025ns  ((TSJ^2 + TIJ^2)^1/2 + DJ) / 2 + PE
    Total System Jitter     (TSJ):    0.050ns
    Total Input Jitter      (TIJ):    0.000ns
    Discrete Jitter          (DJ):    0.000ns
    Phase Error              (PE):    0.000ns

    Location             Delay type                Incr(ns)  Path(ns)    Netlist Resource(s)
  -------------------------------------------------------------------    -------------------
                         (clock sys_clk_pin rise edge)
                                                      0.000     0.000 r  
    W5                                                0.000     0.000 r  clk (IN)
                         net (fo=0)                   0.000     0.000    clk
    W5                   IBUF (Prop_ibuf_I_O)         0.226     0.226 r  clk_IBUF_inst/O
                         net (fo=1, routed)           0.631     0.858    clk_IBUF
    BUFGCTRL_X0Y0        BUFG (Prop_bufg_I_O)         0.026     0.884 r  clk_IBUF_BUFG_inst/O
                         net (fo=668, routed)         0.562     1.445    u_seg/clk
    SLICE_X38Y50         FDCE                                         r  u_seg/refresh_cnt_reg[15]/C
  -------------------------------------------------------------------    -------------------
    SLICE_X38Y50         FDCE (Prop_fdce_C_Q)         0.164     1.609 r  u_seg/refresh_cnt_reg[15]/Q
                         net (fo=18, routed)          0.254     1.863    u_seg/digit_sel[0]
    SLICE_X40Y51         LUT3 (Prop_lut3_I1_O)        0.045     1.908 r  u_seg/an_OBUF[0]_inst_i_1/O
                         net (fo=1, routed)           0.994     2.903    an_OBUF[0]
    U2                   OBUF (Prop_obuf_I_O)         1.204     4.107 r  an_OBUF[0]_inst/O
                         net (fo=0)                   0.000     4.107    an[0]
    U2                                                                r  an[0] (OUT)
  -------------------------------------------------------------------    -------------------

Slack:                    inf
  Source:                 u_seg/refresh_cnt_reg[15]/C
                            (rising edge-triggered cell FDCE clocked by sys_clk_pin  {rise@0.000ns fall@5.000ns period=10.000ns})
  Destination:            an[2]
                            (output port)
  Path Group:             (none)
  Path Type:              Min at Fast Process Corner
  Data Path Delay:        2.741ns  (logic 1.433ns (52.273%)  route 1.308ns (47.727%))
  Logic Levels:           2  (LUT3=1 OBUF=1)
  Clock Uncertainty:      0.025ns  ((TSJ^2 + TIJ^2)^1/2 + DJ) / 2 + PE
    Total System Jitter     (TSJ):    0.050ns
    Total Input Jitter      (TIJ):    0.000ns
    Discrete Jitter          (DJ):    0.000ns
    Phase Error              (PE):    0.000ns

    Location             Delay type                Incr(ns)  Path(ns)    Netlist Resource(s)
  -------------------------------------------------------------------    -------------------
                         (clock sys_clk_pin rise edge)
                                                      0.000     0.000 r  
    W5                                                0.000     0.000 r  clk (IN)
                         net (fo=0)                   0.000     0.000    clk
    W5                   IBUF (Prop_ibuf_I_O)         0.226     0.226 r  clk_IBUF_inst/O
                         net (fo=1, routed)           0.631     0.858    clk_IBUF
    BUFGCTRL_X0Y0        BUFG (Prop_bufg_I_O)         0.026     0.884 r  clk_IBUF_BUFG_inst/O
                         net (fo=668, routed)         0.562     1.445    u_seg/clk
    SLICE_X38Y50         FDCE                                         r  u_seg/refresh_cnt_reg[15]/C
  -------------------------------------------------------------------    -------------------
    SLICE_X38Y50         FDCE (Prop_fdce_C_Q)         0.164     1.609 r  u_seg/refresh_cnt_reg[15]/Q
                         net (fo=18, routed)          0.243     1.853    u_seg/digit_sel[0]
    SLICE_X40Y51         LUT3 (Prop_lut3_I1_O)        0.045     1.898 r  u_seg/an_OBUF[2]_inst_i_1/O
                         net (fo=1, routed)           1.065     2.963    an_OBUF[2]
    V4                   OBUF (Prop_obuf_I_O)         1.224     4.187 r  an_OBUF[2]_inst/O
                         net (fo=0)                   0.000     4.187    an[2]
    V4                                                                r  an[2] (OUT)
  -------------------------------------------------------------------    -------------------

Slack:                    inf
  Source:                 u_seg/refresh_cnt_reg[15]/C
                            (rising edge-triggered cell FDCE clocked by sys_clk_pin  {rise@0.000ns fall@5.000ns period=10.000ns})
  Destination:            an[1]
                            (output port)
  Path Group:             (none)
  Path Type:              Min at Fast Process Corner
  Data Path Delay:        2.792ns  (logic 1.468ns (52.597%)  route 1.323ns (47.403%))
  Logic Levels:           2  (LUT3=1 OBUF=1)
  Clock Uncertainty:      0.025ns  ((TSJ^2 + TIJ^2)^1/2 + DJ) / 2 + PE
    Total System Jitter     (TSJ):    0.050ns
    Total Input Jitter      (TIJ):    0.000ns
    Discrete Jitter          (DJ):    0.000ns
    Phase Error              (PE):    0.000ns

    Location             Delay type                Incr(ns)  Path(ns)    Netlist Resource(s)
  -------------------------------------------------------------------    -------------------
                         (clock sys_clk_pin rise edge)
                                                      0.000     0.000 r  
    W5                                                0.000     0.000 r  clk (IN)
                         net (fo=0)                   0.000     0.000    clk
    W5                   IBUF (Prop_ibuf_I_O)         0.226     0.226 r  clk_IBUF_inst/O
                         net (fo=1, routed)           0.631     0.858    clk_IBUF
    BUFGCTRL_X0Y0        BUFG (Prop_bufg_I_O)         0.026     0.884 r  clk_IBUF_BUFG_inst/O
                         net (fo=668, routed)         0.562     1.445    u_seg/clk
    SLICE_X38Y50         FDCE                                         r  u_seg/refresh_cnt_reg[15]/C
  -------------------------------------------------------------------    -------------------
    SLICE_X38Y50         FDCE (Prop_fdce_C_Q)         0.164     1.609 f  u_seg/refresh_cnt_reg[15]/Q
                         net (fo=18, routed)          0.254     1.863    u_seg/digit_sel[0]
    SLICE_X40Y51         LUT3 (Prop_lut3_I2_O)        0.042     1.905 r  u_seg/an_OBUF[1]_inst_i_1/O
                         net (fo=1, routed)           1.069     2.975    an_OBUF[1]
    U4                   OBUF (Prop_obuf_I_O)         1.262     4.237 r  an_OBUF[1]_inst/O
                         net (fo=0)                   0.000     4.237    an[1]
    U4                                                                r  an[1] (OUT)
  -------------------------------------------------------------------    -------------------

Slack:                    inf
  Source:                 u_seg/refresh_cnt_reg[15]/C
                            (rising edge-triggered cell FDCE clocked by sys_clk_pin  {rise@0.000ns fall@5.000ns period=10.000ns})
  Destination:            an[3]
                            (output port)
  Path Group:             (none)
  Path Type:              Min at Fast Process Corner
  Data Path Delay:        2.871ns  (logic 1.485ns (51.736%)  route 1.386ns (48.264%))
  Logic Levels:           2  (LUT3=1 OBUF=1)
  Clock Uncertainty:      0.025ns  ((TSJ^2 + TIJ^2)^1/2 + DJ) / 2 + PE
    Total System Jitter     (TSJ):    0.050ns
    Total Input Jitter      (TIJ):    0.000ns
    Discrete Jitter          (DJ):    0.000ns
    Phase Error              (PE):    0.000ns

    Location             Delay type                Incr(ns)  Path(ns)    Netlist Resource(s)
  -------------------------------------------------------------------    -------------------
                         (clock sys_clk_pin rise edge)
                                                      0.000     0.000 r  
    W5                                                0.000     0.000 r  clk (IN)
                         net (fo=0)                   0.000     0.000    clk
    W5                   IBUF (Prop_ibuf_I_O)         0.226     0.226 r  clk_IBUF_inst/O
                         net (fo=1, routed)           0.631     0.858    clk_IBUF
    BUFGCTRL_X0Y0        BUFG (Prop_bufg_I_O)         0.026     0.884 r  clk_IBUF_BUFG_inst/O
                         net (fo=668, routed)         0.562     1.445    u_seg/clk
    SLICE_X38Y50         FDCE                                         r  u_seg/refresh_cnt_reg[15]/C
  -------------------------------------------------------------------    -------------------
    SLICE_X38Y50         FDCE (Prop_fdce_C_Q)         0.164     1.609 f  u_seg/refresh_cnt_reg[15]/Q
                         net (fo=18, routed)          0.243     1.853    u_seg/digit_sel[0]
    SLICE_X40Y51         LUT3 (Prop_lut3_I1_O)        0.043     1.896 r  u_seg/an_OBUF[3]_inst_i_1/O
                         net (fo=1, routed)           1.142     3.038    an_OBUF[3]
    W4                   OBUF (Prop_obuf_I_O)         1.278     4.316 r  an_OBUF[3]_inst/O
                         net (fo=0)                   0.000     4.316    an[3]
    W4                                                                r  an[3] (OUT)
  -------------------------------------------------------------------    -------------------

Slack:                    inf
  Source:                 u_seg/refresh_cnt_reg[16]/C
                            (rising edge-triggered cell FDCE clocked by sys_clk_pin  {rise@0.000ns fall@5.000ns period=10.000ns})
  Destination:            seg[2]
                            (output port)
  Path Group:             (none)
  Path Type:              Min at Fast Process Corner
  Data Path Delay:        2.934ns  (logic 1.445ns (49.246%)  route 1.489ns (50.754%))
  Logic Levels:           2  (LUT6=1 OBUF=1)
  Clock Uncertainty:      0.025ns  ((TSJ^2 + TIJ^2)^1/2 + DJ) / 2 + PE
    Total System Jitter     (TSJ):    0.050ns
    Total Input Jitter      (TIJ):    0.000ns
    Discrete Jitter          (DJ):    0.000ns
    Phase Error              (PE):    0.000ns

    Location             Delay type                Incr(ns)  Path(ns)    Netlist Resource(s)
  -------------------------------------------------------------------    -------------------
                         (clock sys_clk_pin rise edge)
                                                      0.000     0.000 r  
    W5                                                0.000     0.000 r  clk (IN)
                         net (fo=0)                   0.000     0.000    clk
    W5                   IBUF (Prop_ibuf_I_O)         0.226     0.226 r  clk_IBUF_inst/O
                         net (fo=1, routed)           0.631     0.858    clk_IBUF
    BUFGCTRL_X0Y0        BUFG (Prop_bufg_I_O)         0.026     0.884 r  clk_IBUF_BUFG_inst/O
                         net (fo=668, routed)         0.562     1.445    u_seg/clk
    SLICE_X38Y51         FDCE                                         r  u_seg/refresh_cnt_reg[16]/C
  -------------------------------------------------------------------    -------------------
    SLICE_X38Y51         FDCE (Prop_fdce_C_Q)         0.164     1.609 r  u_seg/refresh_cnt_reg[16]/Q
                         net (fo=18, routed)          0.289     1.899    u_anim/digit_sel[1]
    SLICE_X38Y53         LUT6 (Prop_lut6_I3_O)        0.045     1.944 r  u_anim/seg_OBUF[2]_inst_i_1/O
                         net (fo=1, routed)           1.200     3.143    seg_OBUF[2]
    U8                   OBUF (Prop_obuf_I_O)         1.236     4.379 r  seg_OBUF[2]_inst/O
                         net (fo=0)                   0.000     4.379    seg[2]
    U8                                                                r  seg[2] (OUT)
  -------------------------------------------------------------------    -------------------

Slack:                    inf
  Source:                 u_seg/refresh_cnt_reg[15]/C
                            (rising edge-triggered cell FDCE clocked by sys_clk_pin  {rise@0.000ns fall@5.000ns period=10.000ns})
  Destination:            seg[1]
                            (output port)
  Path Group:             (none)
  Path Type:              Min at Fast Process Corner
  Data Path Delay:        2.960ns  (logic 1.439ns (48.614%)  route 1.521ns (51.386%))
  Logic Levels:           2  (LUT6=1 OBUF=1)
  Clock Uncertainty:      0.025ns  ((TSJ^2 + TIJ^2)^1/2 + DJ) / 2 + PE
    Total System Jitter     (TSJ):    0.050ns
    Total Input Jitter      (TIJ):    0.000ns
    Discrete Jitter          (DJ):    0.000ns
    Phase Error              (PE):    0.000ns

    Location             Delay type                Incr(ns)  Path(ns)    Netlist Resource(s)
  -------------------------------------------------------------------    -------------------
                         (clock sys_clk_pin rise edge)
                                                      0.000     0.000 r  
    W5                                                0.000     0.000 r  clk (IN)
                         net (fo=0)                   0.000     0.000    clk
    W5                   IBUF (Prop_ibuf_I_O)         0.226     0.226 r  clk_IBUF_inst/O
                         net (fo=1, routed)           0.631     0.858    clk_IBUF
    BUFGCTRL_X0Y0        BUFG (Prop_bufg_I_O)         0.026     0.884 r  clk_IBUF_BUFG_inst/O
                         net (fo=668, routed)         0.562     1.445    u_seg/clk
    SLICE_X38Y50         FDCE                                         r  u_seg/refresh_cnt_reg[15]/C
  -------------------------------------------------------------------    -------------------
    SLICE_X38Y50         FDCE (Prop_fdce_C_Q)         0.164     1.609 r  u_seg/refresh_cnt_reg[15]/Q
                         net (fo=18, routed)          0.330     1.939    u_anim/digit_sel[0]
    SLICE_X37Y53         LUT6 (Prop_lut6_I1_O)        0.045     1.984 r  u_anim/seg_OBUF[1]_inst_i_1/O
                         net (fo=1, routed)           1.191     3.175    seg_OBUF[1]
    W6                   OBUF (Prop_obuf_I_O)         1.230     4.405 r  seg_OBUF[1]_inst/O
                         net (fo=0)                   0.000     4.405    seg[1]
    W6                                                                r  seg[1] (OUT)
  -------------------------------------------------------------------    -------------------

Slack:                    inf
  Source:                 u_seg/refresh_cnt_reg[16]/C
                            (rising edge-triggered cell FDCE clocked by sys_clk_pin  {rise@0.000ns fall@5.000ns period=10.000ns})
  Destination:            seg[4]
                            (output port)
  Path Group:             (none)
  Path Type:              Min at Fast Process Corner
  Data Path Delay:        3.000ns  (logic 1.430ns (47.663%)  route 1.570ns (52.337%))
  Logic Levels:           2  (LUT6=1 OBUF=1)
  Clock Uncertainty:      0.025ns  ((TSJ^2 + TIJ^2)^1/2 + DJ) / 2 + PE
    Total System Jitter     (TSJ):    0.050ns
    Total Input Jitter      (TIJ):    0.000ns
    Discrete Jitter          (DJ):    0.000ns
    Phase Error              (PE):    0.000ns

    Location             Delay type                Incr(ns)  Path(ns)    Netlist Resource(s)
  -------------------------------------------------------------------    -------------------
                         (clock sys_clk_pin rise edge)
                                                      0.000     0.000 r  
    W5                                                0.000     0.000 r  clk (IN)
                         net (fo=0)                   0.000     0.000    clk
    W5                   IBUF (Prop_ibuf_I_O)         0.226     0.226 r  clk_IBUF_inst/O
                         net (fo=1, routed)           0.631     0.858    clk_IBUF
    BUFGCTRL_X0Y0        BUFG (Prop_bufg_I_O)         0.026     0.884 r  clk_IBUF_BUFG_inst/O
                         net (fo=668, routed)         0.562     1.445    u_seg/clk
    SLICE_X38Y51         FDCE                                         r  u_seg/refresh_cnt_reg[16]/C
  -------------------------------------------------------------------    -------------------
    SLICE_X38Y51         FDCE (Prop_fdce_C_Q)         0.164     1.609 r  u_seg/refresh_cnt_reg[16]/Q
                         net (fo=18, routed)          0.278     1.887    system_state/digit_sel[1]
    SLICE_X39Y55         LUT6 (Prop_lut6_I3_O)        0.045     1.932 r  system_state/seg_OBUF[4]_inst_i_1/O
                         net (fo=1, routed)           1.292     3.224    seg_OBUF[4]
    U5                   OBUF (Prop_obuf_I_O)         1.221     4.445 r  seg_OBUF[4]_inst/O
                         net (fo=0)                   0.000     4.445    seg[4]
    U5                                                                r  seg[4] (OUT)
  -------------------------------------------------------------------    -------------------

Slack:                    inf
  Source:                 system_state/FSM_sequential_state_reg[0]/C
                            (rising edge-triggered cell FDRE clocked by sys_clk_pin  {rise@0.000ns fall@5.000ns period=10.000ns})
  Destination:            led[0]
                            (output port)
  Path Group:             (none)
  Path Type:              Min at Fast Process Corner
  Data Path Delay:        3.065ns  (logic 1.392ns (45.414%)  route 1.673ns (54.586%))
  Logic Levels:           2  (LUT3=1 OBUF=1)
  Clock Uncertainty:      0.025ns  ((TSJ^2 + TIJ^2)^1/2 + DJ) / 2 + PE
    Total System Jitter     (TSJ):    0.050ns
    Total Input Jitter      (TIJ):    0.000ns
    Discrete Jitter          (DJ):    0.000ns
    Phase Error              (PE):    0.000ns

    Location             Delay type                Incr(ns)  Path(ns)    Netlist Resource(s)
  -------------------------------------------------------------------    -------------------
                         (clock sys_clk_pin rise edge)
                                                      0.000     0.000 r  
    W5                                                0.000     0.000 r  clk (IN)
                         net (fo=0)                   0.000     0.000    clk
    W5                   IBUF (Prop_ibuf_I_O)         0.226     0.226 r  clk_IBUF_inst/O
                         net (fo=1, routed)           0.631     0.858    clk_IBUF
    BUFGCTRL_X0Y0        BUFG (Prop_bufg_I_O)         0.026     0.884 r  clk_IBUF_BUFG_inst/O
                         net (fo=668, routed)         0.558     1.441    system_state/clk
    SLICE_X41Y62         FDRE                                         r  system_state/FSM_sequential_state_reg[0]/C
  -------------------------------------------------------------------    -------------------
    SLICE_X41Y62         FDRE (Prop_fdre_C_Q)         0.141     1.582 r  system_state/FSM_sequential_state_reg[0]/Q
                         net (fo=78, routed)          0.138     1.720    system_state/state[0]
    SLICE_X40Y63         LUT3 (Prop_lut3_I2_O)        0.045     1.765 r  system_state/led_OBUF[0]_inst_i_1/O
                         net (fo=14, routed)          1.535     3.300    led_OBUF[0]
    U16                  OBUF (Prop_obuf_I_O)         1.206     4.506 r  led_OBUF[0]_inst/O
                         net (fo=0)                   0.000     4.506    led[0]
    U16                                                               r  led[0] (OUT)
  -------------------------------------------------------------------    -------------------

Slack:                    inf
  Source:                 u_seg/refresh_cnt_reg[15]/C
                            (rising edge-triggered cell FDCE clocked by sys_clk_pin  {rise@0.000ns fall@5.000ns period=10.000ns})
  Destination:            seg[3]
                            (output port)
  Path Group:             (none)
  Path Type:              Min at Fast Process Corner
  Data Path Delay:        3.090ns  (logic 1.490ns (48.230%)  route 1.600ns (51.770%))
  Logic Levels:           3  (LUT6=2 OBUF=1)
  Clock Uncertainty:      0.025ns  ((TSJ^2 + TIJ^2)^1/2 + DJ) / 2 + PE
    Total System Jitter     (TSJ):    0.050ns
    Total Input Jitter      (TIJ):    0.000ns
    Discrete Jitter          (DJ):    0.000ns
    Phase Error              (PE):    0.000ns

    Location             Delay type                Incr(ns)  Path(ns)    Netlist Resource(s)
  -------------------------------------------------------------------    -------------------
                         (clock sys_clk_pin rise edge)
                                                      0.000     0.000 r  
    W5                                                0.000     0.000 r  clk (IN)
                         net (fo=0)                   0.000     0.000    clk
    W5                   IBUF (Prop_ibuf_I_O)         0.226     0.226 r  clk_IBUF_inst/O
                         net (fo=1, routed)           0.631     0.858    clk_IBUF
    BUFGCTRL_X0Y0        BUFG (Prop_bufg_I_O)         0.026     0.884 r  clk_IBUF_BUFG_inst/O
                         net (fo=668, routed)         0.562     1.445    u_seg/clk
    SLICE_X38Y50         FDCE                                         r  u_seg/refresh_cnt_reg[15]/C
  -------------------------------------------------------------------    -------------------
    SLICE_X38Y50         FDCE (Prop_fdce_C_Q)         0.164     1.609 f  u_seg/refresh_cnt_reg[15]/Q
                         net (fo=18, routed)          0.193     1.802    u_anim/digit_sel[0]
    SLICE_X39Y52         LUT6 (Prop_lut6_I5_O)        0.045     1.847 r  u_anim/seg_OBUF[3]_inst_i_6/O
                         net (fo=1, routed)           0.113     1.960    u_anim/seg_OBUF[3]_inst_i_6_n_0
    SLICE_X38Y54         LUT6 (Prop_lut6_I4_O)        0.045     2.005 r  u_anim/seg_OBUF[3]_inst_i_1/O
                         net (fo=1, routed)           1.294     3.299    seg_OBUF[3]
    V8                   OBUF (Prop_obuf_I_O)         1.236     4.535 r  seg_OBUF[3]_inst/O
                         net (fo=0)                   0.000     4.535    seg[3]
    V8                                                                r  seg[3] (OUT)
  -------------------------------------------------------------------    -------------------





--------------------------------------------------------------------------------------
Path Group:  (none)
From Clock:  
  To Clock:  sys_clk_pin

Max Delay           830 Endpoints
Min Delay           830 Endpoints
--------------------------------------------------------------------------------------


Max Delay Paths
--------------------------------------------------------------------------------------
Slack:                    inf
  Source:                 rstn
                            (input port)
  Destination:            u_buzz/cur_div_reg[0]/CLR
                            (recovery check against rising-edge clock sys_clk_pin  {rise@0.000ns fall@5.000ns period=10.000ns})
  Path Group:             (none)
  Path Type:              Recovery (Max at Slow Process Corner)
  Data Path Delay:        13.526ns  (logic 1.565ns (11.573%)  route 11.961ns (88.427%))
  Logic Levels:           2  (IBUF=1 LUT1=1)
  Clock Path Skew:        4.773ns (DCD - SCD + CPR)
    Destination Clock Delay (DCD):    4.773ns
    Source Clock Delay      (SCD):    0.000ns
    Clock Pessimism Removal (CPR):    0.000ns
  Clock Uncertainty:      0.025ns  ((TSJ^2 + TIJ^2)^1/2 + DJ) / 2 + PE
    Total System Jitter     (TSJ):    0.050ns
    Total Input Jitter      (TIJ):    0.000ns
    Discrete Jitter          (DJ):    0.000ns
    Phase Error              (PE):    0.000ns

    Location             Delay type                Incr(ns)  Path(ns)    Netlist Resource(s)
  -------------------------------------------------------------------    -------------------
    U18                                               0.000     0.000 r  rstn (IN)
                         net (fo=0)                   0.000     0.000    rstn
    U18                  IBUF (Prop_ibuf_I_O)         1.441     1.441 r  rstn_IBUF_inst/O
                         net (fo=94, routed)          3.554     4.995    u_buzz/rstn_IBUF
    SLICE_X43Y43         LUT1 (Prop_lut1_I0_O)        0.124     5.119 f  u_buzz/buffers[2]_i_1/O
                         net (fo=567, routed)         8.407    13.526    u_buzz/rstn
    SLICE_X50Y68         FDCE                                         f  u_buzz/cur_div_reg[0]/CLR
  -------------------------------------------------------------------    -------------------

                         (clock sys_clk_pin rise edge)
                                                      0.000     0.000 r  
    W5                                                0.000     0.000 r  clk (IN)
                         net (fo=0)                   0.000     0.000    clk
    W5                   IBUF (Prop_ibuf_I_O)         1.388     1.388 r  clk_IBUF_inst/O
                         net (fo=1, routed)           1.862     3.250    clk_IBUF
    BUFGCTRL_X0Y0        BUFG (Prop_bufg_I_O)         0.091     3.341 r  clk_IBUF_BUFG_inst/O
                         net (fo=668, routed)         1.432     4.773    u_buzz/clk
    SLICE_X50Y68         FDCE                                         r  u_buzz/cur_div_reg[0]/C

Slack:                    inf
  Source:                 rstn
                            (input port)
  Destination:            u_buzz/cur_div_reg[17]/CLR
                            (recovery check against rising-edge clock sys_clk_pin  {rise@0.000ns fall@5.000ns period=10.000ns})
  Path Group:             (none)
  Path Type:              Recovery (Max at Slow Process Corner)
  Data Path Delay:        13.526ns  (logic 1.565ns (11.573%)  route 11.961ns (88.427%))
  Logic Levels:           2  (IBUF=1 LUT1=1)
  Clock Path Skew:        4.773ns (DCD - SCD + CPR)
    Destination Clock Delay (DCD):    4.773ns
    Source Clock Delay      (SCD):    0.000ns
    Clock Pessimism Removal (CPR):    0.000ns
  Clock Uncertainty:      0.025ns  ((TSJ^2 + TIJ^2)^1/2 + DJ) / 2 + PE
    Total System Jitter     (TSJ):    0.050ns
    Total Input Jitter      (TIJ):    0.000ns
    Discrete Jitter          (DJ):    0.000ns
    Phase Error              (PE):    0.000ns

    Location             Delay type                Incr(ns)  Path(ns)    Netlist Resource(s)
  -------------------------------------------------------------------    -------------------
    U18                                               0.000     0.000 r  rstn (IN)
                         net (fo=0)                   0.000     0.000    rstn
    U18                  IBUF (Prop_ibuf_I_O)         1.441     1.441 r  rstn_IBUF_inst/O
                         net (fo=94, routed)          3.554     4.995    u_buzz/rstn_IBUF
    SLICE_X43Y43         LUT1 (Prop_lut1_I0_O)        0.124     5.119 f  u_buzz/buffers[2]_i_1/O
                         net (fo=567, routed)         8.407    13.526    u_buzz/rstn
    SLICE_X51Y68         FDCE                                         f  u_buzz/cur_div_reg[17]/CLR
  -------------------------------------------------------------------    -------------------

                         (clock sys_clk_pin rise edge)
                                                      0.000     0.000 r  
    W5                                                0.000     0.000 r  clk (IN)
                         net (fo=0)                   0.000     0.000    clk
    W5                   IBUF (Prop_ibuf_I_O)         1.388     1.388 r  clk_IBUF_inst/O
                         net (fo=1, routed)           1.862     3.250    clk_IBUF
    BUFGCTRL_X0Y0        BUFG (Prop_bufg_I_O)         0.091     3.341 r  clk_IBUF_BUFG_inst/O
                         net (fo=668, routed)         1.432     4.773    u_buzz/clk
    SLICE_X51Y68         FDCE                                         r  u_buzz/cur_div_reg[17]/C

Slack:                    inf
  Source:                 rstn
                            (input port)
  Destination:            u_buzz/cur_div_reg[18]/CLR
                            (recovery check against rising-edge clock sys_clk_pin  {rise@0.000ns fall@5.000ns period=10.000ns})
  Path Group:             (none)
  Path Type:              Recovery (Max at Slow Process Corner)
  Data Path Delay:        13.526ns  (logic 1.565ns (11.573%)  route 11.961ns (88.427%))
  Logic Levels:           2  (IBUF=1 LUT1=1)
  Clock Path Skew:        4.773ns (DCD - SCD + CPR)
    Destination Clock Delay (DCD):    4.773ns
    Source Clock Delay      (SCD):    0.000ns
    Clock Pessimism Removal (CPR):    0.000ns
  Clock Uncertainty:      0.025ns  ((TSJ^2 + TIJ^2)^1/2 + DJ) / 2 + PE
    Total System Jitter     (TSJ):    0.050ns
    Total Input Jitter      (TIJ):    0.000ns
    Discrete Jitter          (DJ):    0.000ns
    Phase Error              (PE):    0.000ns

    Location             Delay type                Incr(ns)  Path(ns)    Netlist Resource(s)
  -------------------------------------------------------------------    -------------------
    U18                                               0.000     0.000 r  rstn (IN)
                         net (fo=0)                   0.000     0.000    rstn
    U18                  IBUF (Prop_ibuf_I_O)         1.441     1.441 r  rstn_IBUF_inst/O
                         net (fo=94, routed)          3.554     4.995    u_buzz/rstn_IBUF
    SLICE_X43Y43         LUT1 (Prop_lut1_I0_O)        0.124     5.119 f  u_buzz/buffers[2]_i_1/O
                         net (fo=567, routed)         8.407    13.526    u_buzz/rstn
    SLICE_X51Y68         FDCE                                         f  u_buzz/cur_div_reg[18]/CLR
  -------------------------------------------------------------------    -------------------

                         (clock sys_clk_pin rise edge)
                                                      0.000     0.000 r  
    W5                                                0.000     0.000 r  clk (IN)
                         net (fo=0)                   0.000     0.000    clk
    W5                   IBUF (Prop_ibuf_I_O)         1.388     1.388 r  clk_IBUF_inst/O
                         net (fo=1, routed)           1.862     3.250    clk_IBUF
    BUFGCTRL_X0Y0        BUFG (Prop_bufg_I_O)         0.091     3.341 r  clk_IBUF_BUFG_inst/O
                         net (fo=668, routed)         1.432     4.773    u_buzz/clk
    SLICE_X51Y68         FDCE                                         r  u_buzz/cur_div_reg[18]/C

Slack:                    inf
  Source:                 rstn
                            (input port)
  Destination:            u_buzz/freq_cnt_reg[8]/CLR
                            (recovery check against rising-edge clock sys_clk_pin  {rise@0.000ns fall@5.000ns period=10.000ns})
  Path Group:             (none)
  Path Type:              Recovery (Max at Slow Process Corner)
  Data Path Delay:        13.359ns  (logic 1.565ns (11.717%)  route 11.794ns (88.283%))
  Logic Levels:           2  (IBUF=1 LUT1=1)
  Clock Path Skew:        4.772ns (DCD - SCD + CPR)
    Destination Clock Delay (DCD):    4.772ns
    Source Clock Delay      (SCD):    0.000ns
    Clock Pessimism Removal (CPR):    0.000ns
  Clock Uncertainty:      0.025ns  ((TSJ^2 + TIJ^2)^1/2 + DJ) / 2 + PE
    Total System Jitter     (TSJ):    0.050ns
    Total Input Jitter      (TIJ):    0.000ns
    Discrete Jitter          (DJ):    0.000ns
    Phase Error              (PE):    0.000ns

    Location             Delay type                Incr(ns)  Path(ns)    Netlist Resource(s)
  -------------------------------------------------------------------    -------------------
    U18                                               0.000     0.000 r  rstn (IN)
                         net (fo=0)                   0.000     0.000    rstn
    U18                  IBUF (Prop_ibuf_I_O)         1.441     1.441 r  rstn_IBUF_inst/O
                         net (fo=94, routed)          3.554     4.995    u_buzz/rstn_IBUF
    SLICE_X43Y43         LUT1 (Prop_lut1_I0_O)        0.124     5.119 f  u_buzz/buffers[2]_i_1/O
                         net (fo=567, routed)         8.240    13.359    u_buzz/rstn
    SLICE_X48Y68         FDCE                                         f  u_buzz/freq_cnt_reg[8]/CLR
  -------------------------------------------------------------------    -------------------

                         (clock sys_clk_pin rise edge)
                                                      0.000     0.000 r  
    W5                                                0.000     0.000 r  clk (IN)
                         net (fo=0)                   0.000     0.000    clk
    W5                   IBUF (Prop_ibuf_I_O)         1.388     1.388 r  clk_IBUF_inst/O
                         net (fo=1, routed)           1.862     3.250    clk_IBUF
    BUFGCTRL_X0Y0        BUFG (Prop_bufg_I_O)         0.091     3.341 r  clk_IBUF_BUFG_inst/O
                         net (fo=668, routed)         1.431     4.772    u_buzz/clk
    SLICE_X48Y68         FDCE                                         r  u_buzz/freq_cnt_reg[8]/C

Slack:                    inf
  Source:                 rstn
                            (input port)
  Destination:            u_buzz/freq_cnt_reg[0]/CLR
                            (recovery check against rising-edge clock sys_clk_pin  {rise@0.000ns fall@5.000ns period=10.000ns})
  Path Group:             (none)
  Path Type:              Recovery (Max at Slow Process Corner)
  Data Path Delay:        13.239ns  (logic 1.565ns (11.823%)  route 11.674ns (88.177%))
  Logic Levels:           2  (IBUF=1 LUT1=1)
  Clock Path Skew:        4.772ns (DCD - SCD + CPR)
    Destination Clock Delay (DCD):    4.772ns
    Source Clock Delay      (SCD):    0.000ns
    Clock Pessimism Removal (CPR):    0.000ns
  Clock Uncertainty:      0.025ns  ((TSJ^2 + TIJ^2)^1/2 + DJ) / 2 + PE
    Total System Jitter     (TSJ):    0.050ns
    Total Input Jitter      (TIJ):    0.000ns
    Discrete Jitter          (DJ):    0.000ns
    Phase Error              (PE):    0.000ns

    Location             Delay type                Incr(ns)  Path(ns)    Netlist Resource(s)
  -------------------------------------------------------------------    -------------------
    U18                                               0.000     0.000 r  rstn (IN)
                         net (fo=0)                   0.000     0.000    rstn
    U18                  IBUF (Prop_ibuf_I_O)         1.441     1.441 r  rstn_IBUF_inst/O
                         net (fo=94, routed)          3.554     4.995    u_buzz/rstn_IBUF
    SLICE_X43Y43         LUT1 (Prop_lut1_I0_O)        0.124     5.119 f  u_buzz/buffers[2]_i_1/O
                         net (fo=567, routed)         8.120    13.239    u_buzz/rstn
    SLICE_X50Y69         FDCE                                         f  u_buzz/freq_cnt_reg[0]/CLR
  -------------------------------------------------------------------    -------------------

                         (clock sys_clk_pin rise edge)
                                                      0.000     0.000 r  
    W5                                                0.000     0.000 r  clk (IN)
                         net (fo=0)                   0.000     0.000    clk
    W5                   IBUF (Prop_ibuf_I_O)         1.388     1.388 r  clk_IBUF_inst/O
                         net (fo=1, routed)           1.862     3.250    clk_IBUF
    BUFGCTRL_X0Y0        BUFG (Prop_bufg_I_O)         0.091     3.341 r  clk_IBUF_BUFG_inst/O
                         net (fo=668, routed)         1.431     4.772    u_buzz/clk
    SLICE_X50Y69         FDCE                                         r  u_buzz/freq_cnt_reg[0]/C

Slack:                    inf
  Source:                 rstn
                            (input port)
  Destination:            u_buzz/freq_cnt_reg[11]/CLR
                            (recovery check against rising-edge clock sys_clk_pin  {rise@0.000ns fall@5.000ns period=10.000ns})
  Path Group:             (none)
  Path Type:              Recovery (Max at Slow Process Corner)
  Data Path Delay:        13.239ns  (logic 1.565ns (11.823%)  route 11.674ns (88.177%))
  Logic Levels:           2  (IBUF=1 LUT1=1)
  Clock Path Skew:        4.772ns (DCD - SCD + CPR)
    Destination Clock Delay (DCD):    4.772ns
    Source Clock Delay      (SCD):    0.000ns
    Clock Pessimism Removal (CPR):    0.000ns
  Clock Uncertainty:      0.025ns  ((TSJ^2 + TIJ^2)^1/2 + DJ) / 2 + PE
    Total System Jitter     (TSJ):    0.050ns
    Total Input Jitter      (TIJ):    0.000ns
    Discrete Jitter          (DJ):    0.000ns
    Phase Error              (PE):    0.000ns

    Location             Delay type                Incr(ns)  Path(ns)    Netlist Resource(s)
  -------------------------------------------------------------------    -------------------
    U18                                               0.000     0.000 r  rstn (IN)
                         net (fo=0)                   0.000     0.000    rstn
    U18                  IBUF (Prop_ibuf_I_O)         1.441     1.441 r  rstn_IBUF_inst/O
                         net (fo=94, routed)          3.554     4.995    u_buzz/rstn_IBUF
    SLICE_X43Y43         LUT1 (Prop_lut1_I0_O)        0.124     5.119 f  u_buzz/buffers[2]_i_1/O
                         net (fo=567, routed)         8.120    13.239    u_buzz/rstn
    SLICE_X50Y69         FDCE                                         f  u_buzz/freq_cnt_reg[11]/CLR
  -------------------------------------------------------------------    -------------------

                         (clock sys_clk_pin rise edge)
                                                      0.000     0.000 r  
    W5                                                0.000     0.000 r  clk (IN)
                         net (fo=0)                   0.000     0.000    clk
    W5                   IBUF (Prop_ibuf_I_O)         1.388     1.388 r  clk_IBUF_inst/O
                         net (fo=1, routed)           1.862     3.250    clk_IBUF
    BUFGCTRL_X0Y0        BUFG (Prop_bufg_I_O)         0.091     3.341 r  clk_IBUF_BUFG_inst/O
                         net (fo=668, routed)         1.431     4.772    u_buzz/clk
    SLICE_X50Y69         FDCE                                         r  u_buzz/freq_cnt_reg[11]/C

Slack:                    inf
  Source:                 rstn
                            (input port)
  Destination:            u_buzz/freq_cnt_reg[15]/CLR
                            (recovery check against rising-edge clock sys_clk_pin  {rise@0.000ns fall@5.000ns period=10.000ns})
  Path Group:             (none)
  Path Type:              Recovery (Max at Slow Process Corner)
  Data Path Delay:        13.239ns  (logic 1.565ns (11.823%)  route 11.674ns (88.177%))
  Logic Levels:           2  (IBUF=1 LUT1=1)
  Clock Path Skew:        4.772ns (DCD - SCD + CPR)
    Destination Clock Delay (DCD):    4.772ns
    Source Clock Delay      (SCD):    0.000ns
    Clock Pessimism Removal (CPR):    0.000ns
  Clock Uncertainty:      0.025ns  ((TSJ^2 + TIJ^2)^1/2 + DJ) / 2 + PE
    Total System Jitter     (TSJ):    0.050ns
    Total Input Jitter      (TIJ):    0.000ns
    Discrete Jitter          (DJ):    0.000ns
    Phase Error              (PE):    0.000ns

    Location             Delay type                Incr(ns)  Path(ns)    Netlist Resource(s)
  -------------------------------------------------------------------    -------------------
    U18                                               0.000     0.000 r  rstn (IN)
                         net (fo=0)                   0.000     0.000    rstn
    U18                  IBUF (Prop_ibuf_I_O)         1.441     1.441 r  rstn_IBUF_inst/O
                         net (fo=94, routed)          3.554     4.995    u_buzz/rstn_IBUF
    SLICE_X43Y43         LUT1 (Prop_lut1_I0_O)        0.124     5.119 f  u_buzz/buffers[2]_i_1/O
                         net (fo=567, routed)         8.120    13.239    u_buzz/rstn
    SLICE_X50Y69         FDCE                                         f  u_buzz/freq_cnt_reg[15]/CLR
  -------------------------------------------------------------------    -------------------

                         (clock sys_clk_pin rise edge)
                                                      0.000     0.000 r  
    W5                                                0.000     0.000 r  clk (IN)
                         net (fo=0)                   0.000     0.000    clk
    W5                   IBUF (Prop_ibuf_I_O)         1.388     1.388 r  clk_IBUF_inst/O
                         net (fo=1, routed)           1.862     3.250    clk_IBUF
    BUFGCTRL_X0Y0        BUFG (Prop_bufg_I_O)         0.091     3.341 r  clk_IBUF_BUFG_inst/O
                         net (fo=668, routed)         1.431     4.772    u_buzz/clk
    SLICE_X50Y69         FDCE                                         r  u_buzz/freq_cnt_reg[15]/C

Slack:                    inf
  Source:                 rstn
                            (input port)
  Destination:            u_buzz/freq_cnt_reg[18]/CLR
                            (recovery check against rising-edge clock sys_clk_pin  {rise@0.000ns fall@5.000ns period=10.000ns})
  Path Group:             (none)
  Path Type:              Recovery (Max at Slow Process Corner)
  Data Path Delay:        13.239ns  (logic 1.565ns (11.823%)  route 11.674ns (88.177%))
  Logic Levels:           2  (IBUF=1 LUT1=1)
  Clock Path Skew:        4.772ns (DCD - SCD + CPR)
    Destination Clock Delay (DCD):    4.772ns
    Source Clock Delay      (SCD):    0.000ns
    Clock Pessimism Removal (CPR):    0.000ns
  Clock Uncertainty:      0.025ns  ((TSJ^2 + TIJ^2)^1/2 + DJ) / 2 + PE
    Total System Jitter     (TSJ):    0.050ns
    Total Input Jitter      (TIJ):    0.000ns
    Discrete Jitter          (DJ):    0.000ns
    Phase Error              (PE):    0.000ns

    Location             Delay type                Incr(ns)  Path(ns)    Netlist Resource(s)
  -------------------------------------------------------------------    -------------------
    U18                                               0.000     0.000 r  rstn (IN)
                         net (fo=0)                   0.000     0.000    rstn
    U18                  IBUF (Prop_ibuf_I_O)         1.441     1.441 r  rstn_IBUF_inst/O
                         net (fo=94, routed)          3.554     4.995    u_buzz/rstn_IBUF
    SLICE_X43Y43         LUT1 (Prop_lut1_I0_O)        0.124     5.119 f  u_buzz/buffers[2]_i_1/O
                         net (fo=567, routed)         8.120    13.239    u_buzz/rstn
    SLICE_X50Y69         FDCE                                         f  u_buzz/freq_cnt_reg[18]/CLR
  -------------------------------------------------------------------    -------------------

                         (clock sys_clk_pin rise edge)
                                                      0.000     0.000 r  
    W5                                                0.000     0.000 r  clk (IN)
                         net (fo=0)                   0.000     0.000    clk
    W5                   IBUF (Prop_ibuf_I_O)         1.388     1.388 r  clk_IBUF_inst/O
                         net (fo=1, routed)           1.862     3.250    clk_IBUF
    BUFGCTRL_X0Y0        BUFG (Prop_bufg_I_O)         0.091     3.341 r  clk_IBUF_BUFG_inst/O
                         net (fo=668, routed)         1.431     4.772    u_buzz/clk
    SLICE_X50Y69         FDCE                                         r  u_buzz/freq_cnt_reg[18]/C

Slack:                    inf
  Source:                 rstn
                            (input port)
  Destination:            u_buzz/freq_cnt_reg[5]/CLR
                            (recovery check against rising-edge clock sys_clk_pin  {rise@0.000ns fall@5.000ns period=10.000ns})
  Path Group:             (none)
  Path Type:              Recovery (Max at Slow Process Corner)
  Data Path Delay:        13.239ns  (logic 1.565ns (11.823%)  route 11.674ns (88.177%))
  Logic Levels:           2  (IBUF=1 LUT1=1)
  Clock Path Skew:        4.772ns (DCD - SCD + CPR)
    Destination Clock Delay (DCD):    4.772ns
    Source Clock Delay      (SCD):    0.000ns
    Clock Pessimism Removal (CPR):    0.000ns
  Clock Uncertainty:      0.025ns  ((TSJ^2 + TIJ^2)^1/2 + DJ) / 2 + PE
    Total System Jitter     (TSJ):    0.050ns
    Total Input Jitter      (TIJ):    0.000ns
    Discrete Jitter          (DJ):    0.000ns
    Phase Error              (PE):    0.000ns

    Location             Delay type                Incr(ns)  Path(ns)    Netlist Resource(s)
  -------------------------------------------------------------------    -------------------
    U18                                               0.000     0.000 r  rstn (IN)
                         net (fo=0)                   0.000     0.000    rstn
    U18                  IBUF (Prop_ibuf_I_O)         1.441     1.441 r  rstn_IBUF_inst/O
                         net (fo=94, routed)          3.554     4.995    u_buzz/rstn_IBUF
    SLICE_X43Y43         LUT1 (Prop_lut1_I0_O)        0.124     5.119 f  u_buzz/buffers[2]_i_1/O
                         net (fo=567, routed)         8.120    13.239    u_buzz/rstn
    SLICE_X50Y69         FDCE                                         f  u_buzz/freq_cnt_reg[5]/CLR
  -------------------------------------------------------------------    -------------------

                         (clock sys_clk_pin rise edge)
                                                      0.000     0.000 r  
    W5                                                0.000     0.000 r  clk (IN)
                         net (fo=0)                   0.000     0.000    clk
    W5                   IBUF (Prop_ibuf_I_O)         1.388     1.388 r  clk_IBUF_inst/O
                         net (fo=1, routed)           1.862     3.250    clk_IBUF
    BUFGCTRL_X0Y0        BUFG (Prop_bufg_I_O)         0.091     3.341 r  clk_IBUF_BUFG_inst/O
                         net (fo=668, routed)         1.431     4.772    u_buzz/clk
    SLICE_X50Y69         FDCE                                         r  u_buzz/freq_cnt_reg[5]/C

Slack:                    inf
  Source:                 rstn
                            (input port)
  Destination:            u_buzz/freq_cnt_reg[3]/CLR
                            (recovery check against rising-edge clock sys_clk_pin  {rise@0.000ns fall@5.000ns period=10.000ns})
  Path Group:             (none)
  Path Type:              Recovery (Max at Slow Process Corner)
  Data Path Delay:        13.218ns  (logic 1.565ns (11.842%)  route 11.653ns (88.158%))
  Logic Levels:           2  (IBUF=1 LUT1=1)
  Clock Path Skew:        4.771ns (DCD - SCD + CPR)
    Destination Clock Delay (DCD):    4.771ns
    Source Clock Delay      (SCD):    0.000ns
    Clock Pessimism Removal (CPR):    0.000ns
  Clock Uncertainty:      0.025ns  ((TSJ^2 + TIJ^2)^1/2 + DJ) / 2 + PE
    Total System Jitter     (TSJ):    0.050ns
    Total Input Jitter      (TIJ):    0.000ns
    Discrete Jitter          (DJ):    0.000ns
    Phase Error              (PE):    0.000ns

    Location             Delay type                Incr(ns)  Path(ns)    Netlist Resource(s)
  -------------------------------------------------------------------    -------------------
    U18                                               0.000     0.000 r  rstn (IN)
                         net (fo=0)                   0.000     0.000    rstn
    U18                  IBUF (Prop_ibuf_I_O)         1.441     1.441 r  rstn_IBUF_inst/O
                         net (fo=94, routed)          3.554     4.995    u_buzz/rstn_IBUF
    SLICE_X43Y43         LUT1 (Prop_lut1_I0_O)        0.124     5.119 f  u_buzz/buffers[2]_i_1/O
                         net (fo=567, routed)         8.099    13.218    u_buzz/rstn
    SLICE_X48Y69         FDCE                                         f  u_buzz/freq_cnt_reg[3]/CLR
  -------------------------------------------------------------------    -------------------

                         (clock sys_clk_pin rise edge)
                                                      0.000     0.000 r  
    W5                                                0.000     0.000 r  clk (IN)
                         net (fo=0)                   0.000     0.000    clk
    W5                   IBUF (Prop_ibuf_I_O)         1.388     1.388 r  clk_IBUF_inst/O
                         net (fo=1, routed)           1.862     3.250    clk_IBUF
    BUFGCTRL_X0Y0        BUFG (Prop_bufg_I_O)         0.091     3.341 r  clk_IBUF_BUFG_inst/O
                         net (fo=668, routed)         1.430     4.771    u_buzz/clk
    SLICE_X48Y69         FDCE                                         r  u_buzz/freq_cnt_reg[3]/C





Min Delay Paths
--------------------------------------------------------------------------------------
Slack:                    inf
  Source:                 btn_center
                            (input port)
  Destination:            gen_debouncer[0].gen_debouncer_stage[0].db/buffers_reg[0]/D
                            (rising edge-triggered cell FDCE clocked by sys_clk_pin  {rise@0.000ns fall@5.000ns period=10.000ns})
  Path Group:             (none)
  Path Type:              Hold (Min at Fast Process Corner)
  Data Path Delay:        1.347ns  (logic 0.206ns (15.284%)  route 1.141ns (84.716%))
  Logic Levels:           1  (IBUF=1)
  Clock Path Skew:        1.959ns (DCD - SCD - CPR)
    Destination Clock Delay (DCD):    1.959ns
    Source Clock Delay      (SCD):    0.000ns
    Clock Pessimism Removal (CPR):    -0.000ns

    Location             Delay type                Incr(ns)  Path(ns)    Netlist Resource(s)
  -------------------------------------------------------------------    -------------------
    N17                                               0.000     0.000 r  btn_center (IN)
                         net (fo=0)                   0.000     0.000    btn_center
    N17                  IBUF (Prop_ibuf_I_O)         0.206     0.206 r  btn_center_IBUF_inst/O
                         net (fo=1, routed)           1.141     1.347    gen_debouncer[0].gen_debouncer_stage[0].db/D[0]
    SLICE_X42Y42         FDCE                                         r  gen_debouncer[0].gen_debouncer_stage[0].db/buffers_reg[0]/D
  -------------------------------------------------------------------    -------------------

                         (clock sys_clk_pin rise edge)
                                                      0.000     0.000 r  
    W5                                                0.000     0.000 r  clk (IN)
                         net (fo=0)                   0.000     0.000    clk
    W5                   IBUF (Prop_ibuf_I_O)         0.414     0.414 r  clk_IBUF_inst/O
                         net (fo=1, routed)           0.685     1.099    clk_IBUF
    BUFGCTRL_X0Y0        BUFG (Prop_bufg_I_O)         0.029     1.128 r  clk_IBUF_BUFG_inst/O
                         net (fo=668, routed)         0.832     1.959    gen_debouncer[0].gen_debouncer_stage[0].db/clk_IBUF_BUFG
    SLICE_X42Y42         FDCE                                         r  gen_debouncer[0].gen_debouncer_stage[0].db/buffers_reg[0]/C

Slack:                    inf
  Source:                 rstn
                            (input port)
  Destination:            gen_debouncer[0].gen_debouncer_stage[4].db/ss_reg[0]/D
                            (rising edge-triggered cell FDRE clocked by sys_clk_pin  {rise@0.000ns fall@5.000ns period=10.000ns})
  Path Group:             (none)
  Path Type:              Hold (Min at Fast Process Corner)
  Data Path Delay:        1.563ns  (logic 0.255ns (16.284%)  route 1.308ns (83.716%))
  Logic Levels:           2  (IBUF=1 LUT4=1)
  Clock Path Skew:        1.960ns (DCD - SCD - CPR)
    Destination Clock Delay (DCD):    1.960ns
    Source Clock Delay      (SCD):    0.000ns
    Clock Pessimism Removal (CPR):    -0.000ns

    Location             Delay type                Incr(ns)  Path(ns)    Netlist Resource(s)
  -------------------------------------------------------------------    -------------------
    U18                                               0.000     0.000 r  rstn (IN)
                         net (fo=0)                   0.000     0.000    rstn
    U18                  IBUF (Prop_ibuf_I_O)         0.210     0.210 r  rstn_IBUF_inst/O
                         net (fo=94, routed)          1.308     1.518    gen_debouncer[0].gen_debouncer_stage[4].db/rstn_IBUF
    SLICE_X45Y41         LUT4 (Prop_lut4_I2_O)        0.045     1.563 r  gen_debouncer[0].gen_debouncer_stage[4].db/ss[0]_i_1__3/O
                         net (fo=1, routed)           0.000     1.563    gen_debouncer[0].gen_debouncer_stage[4].db/ss[0]_i_1__3_n_0
    SLICE_X45Y41         FDRE                                         r  gen_debouncer[0].gen_debouncer_stage[4].db/ss_reg[0]/D
  -------------------------------------------------------------------    -------------------

                         (clock sys_clk_pin rise edge)
                                                      0.000     0.000 r  
    W5                                                0.000     0.000 r  clk (IN)
                         net (fo=0)                   0.000     0.000    clk
    W5                   IBUF (Prop_ibuf_I_O)         0.414     0.414 r  clk_IBUF_inst/O
                         net (fo=1, routed)           0.685     1.099    clk_IBUF
    BUFGCTRL_X0Y0        BUFG (Prop_bufg_I_O)         0.029     1.128 r  clk_IBUF_BUFG_inst/O
                         net (fo=668, routed)         0.833     1.960    gen_debouncer[0].gen_debouncer_stage[4].db/clk
    SLICE_X45Y41         FDRE                                         r  gen_debouncer[0].gen_debouncer_stage[4].db/ss_reg[0]/C

Slack:                    inf
  Source:                 btn_left
                            (input port)
  Destination:            gen_debouncer[3].gen_debouncer_stage[0].db/buffers_reg[0]/D
                            (rising edge-triggered cell FDCE clocked by sys_clk_pin  {rise@0.000ns fall@5.000ns period=10.000ns})
  Path Group:             (none)
  Path Type:              Hold (Min at Fast Process Corner)
  Data Path Delay:        1.602ns  (logic 0.219ns (13.697%)  route 1.382ns (86.303%))
  Logic Levels:           1  (IBUF=1)
  Clock Path Skew:        1.963ns (DCD - SCD - CPR)
    Destination Clock Delay (DCD):    1.963ns
    Source Clock Delay      (SCD):    0.000ns
    Clock Pessimism Removal (CPR):    -0.000ns

    Location             Delay type                Incr(ns)  Path(ns)    Netlist Resource(s)
  -------------------------------------------------------------------    -------------------
    W19                                               0.000     0.000 r  btn_left (IN)
                         net (fo=0)                   0.000     0.000    btn_left
    W19                  IBUF (Prop_ibuf_I_O)         0.219     0.219 r  btn_left_IBUF_inst/O
                         net (fo=1, routed)           1.382     1.602    gen_debouncer[3].gen_debouncer_stage[0].db/raw_input
    SLICE_X50Y41         FDCE                                         r  gen_debouncer[3].gen_debouncer_stage[0].db/buffers_reg[0]/D
  -------------------------------------------------------------------    -------------------

                         (clock sys_clk_pin rise edge)
                                                      0.000     0.000 r  
    W5                                                0.000     0.000 r  clk (IN)
                         net (fo=0)                   0.000     0.000    clk
    W5                   IBUF (Prop_ibuf_I_O)         0.414     0.414 r  clk_IBUF_inst/O
                         net (fo=1, routed)           0.685     1.099    clk_IBUF
    BUFGCTRL_X0Y0        BUFG (Prop_bufg_I_O)         0.029     1.128 r  clk_IBUF_BUFG_inst/O
                         net (fo=668, routed)         0.836     1.963    gen_debouncer[3].gen_debouncer_stage[0].db/clk
    SLICE_X50Y41         FDCE                                         r  gen_debouncer[3].gen_debouncer_stage[0].db/buffers_reg[0]/C

Slack:                    inf
  Source:                 rstn
                            (input port)
  Destination:            gen_debouncer[0].gen_debouncer_stage[5].db/ss_reg[0]/D
                            (rising edge-triggered cell FDRE clocked by sys_clk_pin  {rise@0.000ns fall@5.000ns period=10.000ns})
  Path Group:             (none)
  Path Type:              Hold (Min at Fast Process Corner)
  Data Path Delay:        1.625ns  (logic 0.255ns (15.668%)  route 1.370ns (84.332%))
  Logic Levels:           2  (IBUF=1 LUT4=1)
  Clock Path Skew:        1.960ns (DCD - SCD - CPR)
    Destination Clock Delay (DCD):    1.960ns
    Source Clock Delay      (SCD):    0.000ns
    Clock Pessimism Removal (CPR):    -0.000ns

    Location             Delay type                Incr(ns)  Path(ns)    Netlist Resource(s)
  -------------------------------------------------------------------    -------------------
    U18                                               0.000     0.000 r  rstn (IN)
                         net (fo=0)                   0.000     0.000    rstn
    U18                  IBUF (Prop_ibuf_I_O)         0.210     0.210 r  rstn_IBUF_inst/O
                         net (fo=94, routed)          1.370     1.580    gen_debouncer[0].gen_debouncer_stage[5].db/rstn_IBUF
    SLICE_X47Y42         LUT4 (Prop_lut4_I2_O)        0.045     1.625 r  gen_debouncer[0].gen_debouncer_stage[5].db/ss[0]_i_1__4/O
                         net (fo=1, routed)           0.000     1.625    gen_debouncer[0].gen_debouncer_stage[5].db/ss[0]_i_1__4_n_0
    SLICE_X47Y42         FDRE                                         r  gen_debouncer[0].gen_debouncer_stage[5].db/ss_reg[0]/D
  -------------------------------------------------------------------    -------------------

                         (clock sys_clk_pin rise edge)
                                                      0.000     0.000 r  
    W5                                                0.000     0.000 r  clk (IN)
                         net (fo=0)                   0.000     0.000    clk
    W5                   IBUF (Prop_ibuf_I_O)         0.414     0.414 r  clk_IBUF_inst/O
                         net (fo=1, routed)           0.685     1.099    clk_IBUF
    BUFGCTRL_X0Y0        BUFG (Prop_bufg_I_O)         0.029     1.128 r  clk_IBUF_BUFG_inst/O
                         net (fo=668, routed)         0.833     1.960    gen_debouncer[0].gen_debouncer_stage[5].db/clk
    SLICE_X47Y42         FDRE                                         r  gen_debouncer[0].gen_debouncer_stage[5].db/ss_reg[0]/C

Slack:                    inf
  Source:                 btn_down
                            (input port)
  Destination:            gen_debouncer[2].gen_debouncer_stage[0].db/buffers_reg[0]/D
                            (rising edge-triggered cell FDCE clocked by sys_clk_pin  {rise@0.000ns fall@5.000ns period=10.000ns})
  Path Group:             (none)
  Path Type:              Hold (Min at Fast Process Corner)
  Data Path Delay:        1.632ns  (logic 0.221ns (13.513%)  route 1.412ns (86.487%))
  Logic Levels:           1  (IBUF=1)
  Clock Path Skew:        1.961ns (DCD - SCD - CPR)
    Destination Clock Delay (DCD):    1.961ns
    Source Clock Delay      (SCD):    0.000ns
    Clock Pessimism Removal (CPR):    -0.000ns

    Location             Delay type                Incr(ns)  Path(ns)    Netlist Resource(s)
  -------------------------------------------------------------------    -------------------
    U17                                               0.000     0.000 r  btn_down (IN)
                         net (fo=0)                   0.000     0.000    btn_down
    U17                  IBUF (Prop_ibuf_I_O)         0.221     0.221 r  btn_down_IBUF_inst/O
                         net (fo=1, routed)           1.412     1.632    gen_debouncer[2].gen_debouncer_stage[0].db/raw_input
    SLICE_X48Y39         FDCE                                         r  gen_debouncer[2].gen_debouncer_stage[0].db/buffers_reg[0]/D
  -------------------------------------------------------------------    -------------------

                         (clock sys_clk_pin rise edge)
                                                      0.000     0.000 r  
    W5                                                0.000     0.000 r  clk (IN)
                         net (fo=0)                   0.000     0.000    clk
    W5                   IBUF (Prop_ibuf_I_O)         0.414     0.414 r  clk_IBUF_inst/O
                         net (fo=1, routed)           0.685     1.099    clk_IBUF
    BUFGCTRL_X0Y0        BUFG (Prop_bufg_I_O)         0.029     1.128 r  clk_IBUF_BUFG_inst/O
                         net (fo=668, routed)         0.834     1.961    gen_debouncer[2].gen_debouncer_stage[0].db/clk
    SLICE_X48Y39         FDCE                                         r  gen_debouncer[2].gen_debouncer_stage[0].db/buffers_reg[0]/C

Slack:                    inf
  Source:                 btn_up
                            (input port)
  Destination:            gen_debouncer[1].gen_debouncer_stage[0].db/buffers_reg[0]/D
                            (rising edge-triggered cell FDCE clocked by sys_clk_pin  {rise@0.000ns fall@5.000ns period=10.000ns})
  Path Group:             (none)
  Path Type:              Hold (Min at Fast Process Corner)
  Data Path Delay:        1.655ns  (logic 0.222ns (13.406%)  route 1.433ns (86.594%))
  Logic Levels:           1  (IBUF=1)
  Clock Path Skew:        1.963ns (DCD - SCD - CPR)
    Destination Clock Delay (DCD):    1.963ns
    Source Clock Delay      (SCD):    0.000ns
    Clock Pessimism Removal (CPR):    -0.000ns

    Location             Delay type                Incr(ns)  Path(ns)    Netlist Resource(s)
  -------------------------------------------------------------------    -------------------
    T18                                               0.000     0.000 r  btn_up (IN)
                         net (fo=0)                   0.000     0.000    btn_up
    T18                  IBUF (Prop_ibuf_I_O)         0.222     0.222 r  btn_up_IBUF_inst/O
                         net (fo=1, routed)           1.433     1.655    gen_debouncer[1].gen_debouncer_stage[0].db/raw_input
    SLICE_X48Y44         FDCE                                         r  gen_debouncer[1].gen_debouncer_stage[0].db/buffers_reg[0]/D
  -------------------------------------------------------------------    -------------------

                         (clock sys_clk_pin rise edge)
                                                      0.000     0.000 r  
    W5                                                0.000     0.000 r  clk (IN)
                         net (fo=0)                   0.000     0.000    clk
    W5                   IBUF (Prop_ibuf_I_O)         0.414     0.414 r  clk_IBUF_inst/O
                         net (fo=1, routed)           0.685     1.099    clk_IBUF
    BUFGCTRL_X0Y0        BUFG (Prop_bufg_I_O)         0.029     1.128 r  clk_IBUF_BUFG_inst/O
                         net (fo=668, routed)         0.836     1.963    gen_debouncer[1].gen_debouncer_stage[0].db/clk
    SLICE_X48Y44         FDCE                                         r  gen_debouncer[1].gen_debouncer_stage[0].db/buffers_reg[0]/C

Slack:                    inf
  Source:                 rstn
                            (input port)
  Destination:            gen_debouncer[0].gen_debouncer_stage[9].db/ss_reg[0]/D
                            (rising edge-triggered cell FDRE clocked by sys_clk_pin  {rise@0.000ns fall@5.000ns period=10.000ns})
  Path Group:             (none)
  Path Type:              Hold (Min at Fast Process Corner)
  Data Path Delay:        1.657ns  (logic 0.255ns (15.359%)  route 1.403ns (84.641%))
  Logic Levels:           2  (IBUF=1 LUT4=1)
  Clock Path Skew:        1.961ns (DCD - SCD - CPR)
    Destination Clock Delay (DCD):    1.961ns
    Source Clock Delay      (SCD):    0.000ns
    Clock Pessimism Removal (CPR):    -0.000ns

    Location             Delay type                Incr(ns)  Path(ns)    Netlist Resource(s)
  -------------------------------------------------------------------    -------------------
    U18                                               0.000     0.000 r  rstn (IN)
                         net (fo=0)                   0.000     0.000    rstn
    U18                  IBUF (Prop_ibuf_I_O)         0.210     0.210 r  rstn_IBUF_inst/O
                         net (fo=94, routed)          1.403     1.612    gen_debouncer[0].gen_debouncer_stage[9].db/rstn_IBUF
    SLICE_X44Y43         LUT4 (Prop_lut4_I2_O)        0.045     1.657 r  gen_debouncer[0].gen_debouncer_stage[9].db/ss[0]_i_1__8/O
                         net (fo=1, routed)           0.000     1.657    gen_debouncer[0].gen_debouncer_stage[9].db/ss[0]_i_1__8_n_0
    SLICE_X44Y43         FDRE                                         r  gen_debouncer[0].gen_debouncer_stage[9].db/ss_reg[0]/D
  -------------------------------------------------------------------    -------------------

                         (clock sys_clk_pin rise edge)
                                                      0.000     0.000 r  
    W5                                                0.000     0.000 r  clk (IN)
                         net (fo=0)                   0.000     0.000    clk
    W5                   IBUF (Prop_ibuf_I_O)         0.414     0.414 r  clk_IBUF_inst/O
                         net (fo=1, routed)           0.685     1.099    clk_IBUF
    BUFGCTRL_X0Y0        BUFG (Prop_bufg_I_O)         0.029     1.128 r  clk_IBUF_BUFG_inst/O
                         net (fo=668, routed)         0.834     1.961    gen_debouncer[0].gen_debouncer_stage[9].db/clk
    SLICE_X44Y43         FDRE                                         r  gen_debouncer[0].gen_debouncer_stage[9].db/ss_reg[0]/C

Slack:                    inf
  Source:                 rstn
                            (input port)
  Destination:            gen_debouncer[0].gen_debouncer_stage[10].db/ss_reg[0]/D
                            (rising edge-triggered cell FDRE clocked by sys_clk_pin  {rise@0.000ns fall@5.000ns period=10.000ns})
  Path Group:             (none)
  Path Type:              Hold (Min at Fast Process Corner)
  Data Path Delay:        1.694ns  (logic 0.255ns (15.021%)  route 1.440ns (84.979%))
  Logic Levels:           2  (IBUF=1 LUT4=1)
  Clock Path Skew:        1.961ns (DCD - SCD - CPR)
    Destination Clock Delay (DCD):    1.961ns
    Source Clock Delay      (SCD):    0.000ns
    Clock Pessimism Removal (CPR):    -0.000ns

    Location             Delay type                Incr(ns)  Path(ns)    Netlist Resource(s)
  -------------------------------------------------------------------    -------------------
    U18                                               0.000     0.000 r  rstn (IN)
                         net (fo=0)                   0.000     0.000    rstn
    U18                  IBUF (Prop_ibuf_I_O)         0.210     0.210 r  rstn_IBUF_inst/O
                         net (fo=94, routed)          1.440     1.649    gen_debouncer[0].gen_debouncer_stage[10].db/rstn_IBUF
    SLICE_X46Y43         LUT4 (Prop_lut4_I2_O)        0.045     1.694 r  gen_debouncer[0].gen_debouncer_stage[10].db/ss[0]_i_1__9/O
                         net (fo=1, routed)           0.000     1.694    gen_debouncer[0].gen_debouncer_stage[10].db/ss[0]_i_1__9_n_0
    SLICE_X46Y43         FDRE                                         r  gen_debouncer[0].gen_debouncer_stage[10].db/ss_reg[0]/D
  -------------------------------------------------------------------    -------------------

                         (clock sys_clk_pin rise edge)
                                                      0.000     0.000 r  
    W5                                                0.000     0.000 r  clk (IN)
                         net (fo=0)                   0.000     0.000    clk
    W5                   IBUF (Prop_ibuf_I_O)         0.414     0.414 r  clk_IBUF_inst/O
                         net (fo=1, routed)           0.685     1.099    clk_IBUF
    BUFGCTRL_X0Y0        BUFG (Prop_bufg_I_O)         0.029     1.128 r  clk_IBUF_BUFG_inst/O
                         net (fo=668, routed)         0.834     1.961    gen_debouncer[0].gen_debouncer_stage[10].db/clk
    SLICE_X46Y43         FDRE                                         r  gen_debouncer[0].gen_debouncer_stage[10].db/ss_reg[0]/C

Slack:                    inf
  Source:                 rstn
                            (input port)
  Destination:            gen_debouncer[0].gen_debouncer_stage[6].db/ss_reg[0]/D
                            (rising edge-triggered cell FDRE clocked by sys_clk_pin  {rise@0.000ns fall@5.000ns period=10.000ns})
  Path Group:             (none)
  Path Type:              Hold (Min at Fast Process Corner)
  Data Path Delay:        1.701ns  (logic 0.255ns (14.967%)  route 1.446ns (85.033%))
  Logic Levels:           2  (IBUF=1 LUT4=1)
  Clock Path Skew:        1.960ns (DCD - SCD - CPR)
    Destination Clock Delay (DCD):    1.960ns
    Source Clock Delay      (SCD):    0.000ns
    Clock Pessimism Removal (CPR):    -0.000ns

    Location             Delay type                Incr(ns)  Path(ns)    Netlist Resource(s)
  -------------------------------------------------------------------    -------------------
    U18                                               0.000     0.000 r  rstn (IN)
                         net (fo=0)                   0.000     0.000    rstn
    U18                  IBUF (Prop_ibuf_I_O)         0.210     0.210 r  rstn_IBUF_inst/O
                         net (fo=94, routed)          1.446     1.656    gen_debouncer[0].gen_debouncer_stage[6].db/rstn_IBUF
    SLICE_X47Y42         LUT4 (Prop_lut4_I2_O)        0.045     1.701 r  gen_debouncer[0].gen_debouncer_stage[6].db/ss[0]_i_1__5/O
                         net (fo=1, routed)           0.000     1.701    gen_debouncer[0].gen_debouncer_stage[6].db/ss[0]_i_1__5_n_0
    SLICE_X47Y42         FDRE                                         r  gen_debouncer[0].gen_debouncer_stage[6].db/ss_reg[0]/D
  -------------------------------------------------------------------    -------------------

                         (clock sys_clk_pin rise edge)
                                                      0.000     0.000 r  
    W5                                                0.000     0.000 r  clk (IN)
                         net (fo=0)                   0.000     0.000    clk
    W5                   IBUF (Prop_ibuf_I_O)         0.414     0.414 r  clk_IBUF_inst/O
                         net (fo=1, routed)           0.685     1.099    clk_IBUF
    BUFGCTRL_X0Y0        BUFG (Prop_bufg_I_O)         0.029     1.128 r  clk_IBUF_BUFG_inst/O
                         net (fo=668, routed)         0.833     1.960    gen_debouncer[0].gen_debouncer_stage[6].db/clk
    SLICE_X47Y42         FDRE                                         r  gen_debouncer[0].gen_debouncer_stage[6].db/ss_reg[0]/C

Slack:                    inf
  Source:                 rstn
                            (input port)
  Destination:            gen_debouncer[0].gen_debouncer_stage[7].db/ss_reg[0]/D
                            (rising edge-triggered cell FDRE clocked by sys_clk_pin  {rise@0.000ns fall@5.000ns period=10.000ns})
  Path Group:             (none)
  Path Type:              Hold (Min at Fast Process Corner)
  Data Path Delay:        1.712ns  (logic 0.255ns (14.870%)  route 1.457ns (85.131%))
  Logic Levels:           2  (IBUF=1 LUT4=1)
  Clock Path Skew:        1.961ns (DCD - SCD - CPR)
    Destination Clock Delay (DCD):    1.961ns
    Source Clock Delay      (SCD):    0.000ns
    Clock Pessimism Removal (CPR):    -0.000ns

    Location             Delay type                Incr(ns)  Path(ns)    Netlist Resource(s)
  -------------------------------------------------------------------    -------------------
    U18                                               0.000     0.000 r  rstn (IN)
                         net (fo=0)                   0.000     0.000    rstn
    U18                  IBUF (Prop_ibuf_I_O)         0.210     0.210 r  rstn_IBUF_inst/O
                         net (fo=94, routed)          1.457     1.667    gen_debouncer[0].gen_debouncer_stage[7].db/rstn_IBUF
    SLICE_X45Y45         LUT4 (Prop_lut4_I2_O)        0.045     1.712 r  gen_debouncer[0].gen_debouncer_stage[7].db/ss[0]_i_1__6/O
                         net (fo=1, routed)           0.000     1.712    gen_debouncer[0].gen_debouncer_stage[7].db/ss[0]_i_1__6_n_0
    SLICE_X45Y45         FDRE                                         r  gen_debouncer[0].gen_debouncer_stage[7].db/ss_reg[0]/D
  -------------------------------------------------------------------    -------------------

                         (clock sys_clk_pin rise edge)
                                                      0.000     0.000 r  
    W5                                                0.000     0.000 r  clk (IN)
                         net (fo=0)                   0.000     0.000    clk
    W5                   IBUF (Prop_ibuf_I_O)         0.414     0.414 r  clk_IBUF_inst/O
                         net (fo=1, routed)           0.685     1.099    clk_IBUF
    BUFGCTRL_X0Y0        BUFG (Prop_bufg_I_O)         0.029     1.128 r  clk_IBUF_BUFG_inst/O
                         net (fo=668, routed)         0.834     1.961    gen_debouncer[0].gen_debouncer_stage[7].db/clk
    SLICE_X45Y45         FDRE                                         r  gen_debouncer[0].gen_debouncer_stage[7].db/ss_reg[0]/C





